^2026^|^01^|^015116^|^015^|^08^|^CD^|^6212^|^FAL^|^01^|^51^|^2^|^002^|^Komunikasi dan Edukasi Dalam Rangka Penerimaan dan Pengeluaran Kas^|0|^^|0|^^|^^|2|0|^00^|^^|0|0
^2026^|^01^|^015116^|^015^|^08^|^CD^|^6214^|^FAL^|^01^|^51^|^2^|^001^|^Koordinasi dan Rekonsiliasi Penerimaan dan Pengeluaran Kas^|0|^^|0|^^|^^|6|0|^00^|^^|0|0
^2026^|^01^|^015116^|^015^|^08^|^CD^|^6215^|^FAH^|^01^|^51^|^2^|^003^|^Laporan Keuangan BUN^|0|^^|0|^^|^^|1|0|^00^|^^|0|0
^2026^|^01^|^015116^|^015^|^08^|^WA^|^4715^|^EBA^|^01^|^51^|^2^|^001^|^Kerumahtanggaan^|0|^^|0|^^|^^|1|0|^00^|^^|0|0
^2026^|^01^|^015116^|^015^|^08^|^WA^|^4715^|^EBA^|^01^|^51^|^2^|^002^|^Dukungan Pimpinan dan Keprotokoleran^|0|^^|0|^^|^^|12|0|^00^|^^|0|0
^2026^|^01^|^015116^|^015^|^08^|^WA^|^4715^|^EBA^|^01^|^51^|^2^|^994^|^Layanan Perkantoran^|0|^^|0|^^|^^|12|0|^00^|^^|0|0
^2026^|^01^|^015116^|^015^|^08^|^WA^|^4719^|^EBA^|^01^|^51^|^2^|^994^|^Layanan Perkantoran^|0|^^|0|^^|^^|1|0|^00^|^^|0|0
^2026^|^01^|^015116^|^015^|^08^|^WA^|^4719^|^EBC^|^01^|^51^|^2^|^001^|^Pengembangan SDM^|0|^^|0|^^|^^|20|0|^00^|^^|0|0
^2026^|^01^|^015115^|^015^|^08^|^CD^|^6212^|^FAC^|^01^|^51^|^2^|^001^|^Komunikasi dan Edukasi Implementasi Aplikasi^|0|^^|0|^^|^^|63|0|^00^|^^|0|0
^2026^|^01^|^015115^|^015^|^08^|^CD^|^6212^|^FAH^|^01^|^51^|^2^|^001^|^Edukasi Dalam Rangka Penyusunan Laporan Keuangan Tingkat Kuasa BUN^|0|^^|0|^^|^^|4|0|^00^|^^|0|0
^2026^|^01^|^015115^|^015^|^08^|^CD^|^6212^|^FAL^|^01^|^51^|^2^|^004^|^Konsultasi Pencairan Dana^|0|^^|0|^^|^^|9|0|^00^|^^|0|0
^2026^|^01^|^015115^|^015^|^08^|^CD^|^6213^|^FAC^|^01^|^51^|^2^|^001^|^Monev Pengembangan Kompetensi KPA, PPK, PPSPM, Bendahara dan Pengelola Perbendaharaan^|0|^^|0|^^|^^|9|0|^00^|^^|0|0
^2026^|^01^|^015115^|^015^|^08^|^CD^|^6214^|^FAL^|^01^|^51^|^2^|^002^|^Surat Perintah Pencairan/Penarikan/Repayment/Pengesahan Dana^|0|^^|0|^^|^^|3024|0|^00^|^^|0|0
^2026^|^01^|^015115^|^015^|^08^|^CD^|^6215^|^FAH^|^01^|^51^|^2^|^003^|^Laporan Keuangan BUN^|0|^^|0|^^|^^|4|0|^00^|^^|0|0
^2026^|^01^|^015115^|^015^|^08^|^WA^|^4715^|^EBA^|^01^|^51^|^2^|^001^|^Kerumahtanggaan^|0|^^|0|^^|^^|12|0|^00^|^^|0|0
^2026^|^01^|^015115^|^015^|^08^|^WA^|^4715^|^EBA^|^01^|^51^|^2^|^002^|^Dukungan Pimpinan dan Keprotokoleran^|0|^^|0|^^|^^|12|0|^00^|^^|0|0
^2026^|^01^|^015115^|^015^|^08^|^WA^|^4715^|^EBA^|^01^|^51^|^2^|^994^|^Layanan Perkantoran^|0|^^|0|^^|^^|12|0|^00^|^^|0|0
^2026^|^01^|^015115^|^015^|^08^|^WA^|^4718^|^BMB^|^01^|^51^|^2^|^002^|^Kehumasan^|0|^^|0|^^|^^|1|0|^00^|^^|0|0
^2026^|^01^|^015115^|^015^|^08^|^WA^|^4718^|^BMB^|^01^|^51^|^2^|^001^|^Pembinaan/Edukasi Publik^|0|^^|0|^^|^^|2|0|^00^|^^|0|0
^2026^|^01^|^015115^|^015^|^08^|^WA^|^4719^|^EBA^|^01^|^51^|^2^|^994^|^Layanan Perkantoran^|0|^^|0|^^|^^|12|0|^00^|^^|0|0
^2026^|^01^|^015115^|^015^|^08^|^WA^|^4719^|^EBA^|^01^|^51^|^2^|^004^|^Hasil Survey/Rekomendasi Kepuasan Pengguna Layanan^|0|^^|0|^^|^^|2|0|^00^|^^|0|0
^2026^|^01^|^015115^|^015^|^08^|^WA^|^4719^|^EBC^|^01^|^51^|^2^|^001^|^Pengembangan SDM^|0|^^|0|^^|^^|38|0|^00^|^^|0|0
^2026^|^01^|^015117^|^015^|^08^|^CD^|^6212^|^AEF^|^01^|^51^|^2^|^I01^|^Komunikasi dan Edukasi Peningkatan Kinerja Investasi Pemerintah^|0|^^|0|^^|^^|30|0|^00^|^^|0|0
^2026^|^01^|^015117^|^015^|^08^|^WA^|^4715^|^EBA^|^01^|^51^|^2^|^001^|^Kerumahtanggaan^|0|^^|0|^^|^^|1|0|^00^|^^|0|0
^2026^|^01^|^015117^|^015^|^08^|^WA^|^4715^|^EBA^|^01^|^51^|^2^|^002^|^Dukungan Pimpinan dan Keprotokoleran^|0|^^|0|^^|^^|1|0|^00^|^^|0|0
^2026^|^01^|^015117^|^015^|^08^|^WA^|^4715^|^EBA^|^01^|^51^|^2^|^994^|^Layanan Perkantoran^|0|^^|0|^^|^^|1|0|^00^|^^|0|0
^2026^|^01^|^015117^|^015^|^08^|^WA^|^4715^|^EBD^|^01^|^51^|^2^|^974^|^Layanan Penyelenggaraan Kearsipan^|0|^^|0|^^|^^|1|0|^00^|^^|0|0
^2026^|^01^|^015117^|^015^|^08^|^WA^|^4719^|^EBA^|^01^|^51^|^2^|^994^|^Layanan Perkantoran^|0|^^|0|^^|^^|1|0|^00^|^^|0|0
^2026^|^01^|^015117^|^015^|^08^|^WA^|^4719^|^EBC^|^01^|^51^|^2^|^001^|^Pengembangan SDM^|0|^^|0|^^|^^|21|0|^00^|^^|0|0
^2026^|^01^|^325237^|^015^|^08^|^CD^|^6212^|^BMB^|^32^|^52^|^2^|^001^|^Dukungan Pemberdayaan UMKM untuk Inklusi Pemanfaatan Digipay^|0|^^|0|^^|^^|1|0|^00^|^^|0|0
^2026^|^01^|^325237^|^015^|^08^|^CD^|^6212^|^FAH^|^32^|^52^|^2^|^002^|^Komunikasi dan Edukasi Dalam Rangka Penyusunan Government Financial Statistic (GFS)^|0|^^|0|^^|^^|6|0|^00^|^^|0|0
^2026^|^01^|^325237^|^015^|^08^|^CD^|^6212^|^FAH^|^32^|^52^|^2^|^003^|^Komunikasi dan Edukasi Penyusunan LKKL dan LKBUN^|0|^^|0|^^|^^|4|0|^00^|^^|0|0
^2026^|^01^|^325237^|^015^|^08^|^CD^|^6212^|^FAL^|^32^|^52^|^2^|^001^|^Pembinaan Pelaksanaan Anggaran^|0|^^|0|^^|^^|8|0|^00^|^^|0|0
^2026^|^01^|^325237^|^015^|^08^|^CD^|^6213^|^FAE^|^32^|^52^|^2^|^008^|^ALCo Regional^|0|^^|0|^^|^^|2|0|^00^|^^|0|0
^2026^|^01^|^325237^|^015^|^08^|^CD^|^6213^|^FAE^|^32^|^52^|^2^|^009^|^Rekomendasi atas Kinerja Investasi Pemerintah^|0|^^|0|^^|^^|2|0|^00^|^^|0|0
^2026^|^01^|^325237^|^015^|^08^|^CD^|^6213^|^FAL^|^32^|^52^|^2^|^003^|^Reviu Belanja Pemerintah^|0|^^|0|^^|^^|4|0|^00^|^^|0|0
^2026^|^01^|^325237^|^015^|^08^|^CD^|^6215^|^FAH^|^32^|^52^|^2^|^001^|^Government Financial Statistic (GFS)^|0|^^|0|^^|^^|4|0|^00^|^^|0|0
^2026^|^01^|^325237^|^015^|^08^|^CD^|^6215^|^FAH^|^32^|^52^|^2^|^003^|^Laporan Keuangan BUN^|0|^^|0|^^|^^|4|0|^00^|^^|0|0
^2026^|^01^|^325237^|^015^|^08^|^WA^|^4715^|^EBA^|^32^|^52^|^2^|^001^|^Kerumahtanggaan^|0|^^|0|^^|^^|12|0|^00^|^^|0|0
^2026^|^01^|^325237^|^015^|^08^|^WA^|^4715^|^EBA^|^32^|^52^|^2^|^002^|^Dukungan Pimpinan dan Keprotokoleran^|0|^^|0|^^|^^|12|0|^00^|^^|0|0
^2026^|^01^|^325237^|^015^|^08^|^WA^|^4715^|^EBA^|^32^|^52^|^2^|^994^|^Layanan Perkantoran^|0|^^|0|^^|^^|12|0|^00^|^^|0|0
^2026^|^01^|^325237^|^015^|^08^|^WA^|^4715^|^EBB^|^32^|^52^|^2^|^004^|^Gedung/Bangunan^|0|^^|0|^^|^^|50|0|^00^|^^|0|0
^2026^|^01^|^325237^|^015^|^08^|^WA^|^4715^|^EBD^|^32^|^52^|^2^|^Z26^|^Laporan Keuangan Unit^|0|^^|0|^^|^^|2|0|^00^|^^|0|0
^2026^|^01^|^325237^|^015^|^08^|^WA^|^4715^|^EBD^|^32^|^52^|^2^|^Z36^|^Dokumen Pengelolaan Kinerja Organisasi^|0|^^|0|^^|^^|4|0|^00^|^^|0|0
^2026^|^01^|^325237^|^015^|^08^|^WA^|^4718^|^BMB^|^32^|^52^|^2^|^001^|^Pembinaan/Edukasi Publik^|0|^^|0|^^|^^|2|0|^00^|^^|0|0
^2026^|^01^|^325237^|^015^|^08^|^WA^|^4718^|^BMB^|^32^|^52^|^2^|^002^|^Kehumasan^|0|^^|0|^^|^^|4|0|^00^|^^|0|0
^2026^|^01^|^325237^|^015^|^08^|^WA^|^4719^|^EBA^|^32^|^52^|^2^|^003^|^Rekomendasi Pengelolaan Organisasi^|0|^^|0|^^|^^|5|0|^00^|^^|0|0
^2026^|^01^|^325237^|^015^|^08^|^WA^|^4719^|^EBA^|^32^|^52^|^2^|^994^|^Layanan Perkantoran^|0|^^|0|^^|^^|12|0|^00^|^^|0|0
^2026^|^01^|^325237^|^015^|^08^|^WA^|^4719^|^EBC^|^32^|^52^|^2^|^001^|^Pengembangan SDM^|0|^^|0|^^|^^|40|0|^00^|^^|0|0
^2026^|^01^|^325237^|^015^|^08^|^WA^|^4722^|^EBD^|^32^|^52^|^2^|^001^|^Rekomendasi Penerapan Pengelolaan Risiko, Pengendalian dan Pengawasan Internal^|0|^^|0|^^|^^|2|0|^00^|^^|0|0
^2026^|^01^|^015114^|^015^|^08^|^WA^|^4718^|^BMB^|^01^|^51^|^2^|^001^|^Pembinaan/Edukasi Publik^|0|^^|0|^^|^^|2|0|^00^|^^|0|0
^2026^|^01^|^015114^|^015^|^08^|^WA^|^4718^|^BMB^|^01^|^51^|^2^|^002^|^Kehumasan^|0|^^|0|^^|^^|1|0|^00^|^^|0|0
^2026^|^01^|^015114^|^015^|^08^|^WA^|^4719^|^EBA^|^01^|^51^|^2^|^004^|^Hasil Survey/Rekomendasi Kepuasan Pengguna Layanan^|0|^^|0|^^|^^|2|0|^00^|^^|0|0
^2026^|^01^|^015114^|^015^|^08^|^WA^|^4719^|^EBA^|^01^|^51^|^2^|^994^|^Layanan Perkantoran^|0|^^|0|^^|^^|12|0|^00^|^^|0|0
^2026^|^01^|^015114^|^015^|^08^|^WA^|^4719^|^EBC^|^01^|^51^|^2^|^001^|^Pengembangan SDM^|0|^^|0|^^|^^|41|0|^00^|^^|0|0
^2026^|^01^|^015114^|^015^|^08^|^CD^|^6212^|^FAC^|^01^|^51^|^2^|^001^|^Komunikasi dan Edukasi Implementasi Aplikasi^|0|^^|0|^^|^^|93|0|^00^|^^|0|0
^2026^|^01^|^015114^|^015^|^08^|^CD^|^6212^|^FAH^|^01^|^51^|^2^|^001^|^Edukasi Dalam Rangka Penyusunan Laporan Keuangan Tingkat Kuasa BUN^|0|^^|0|^^|^^|4|0|^00^|^^|0|0
^2026^|^01^|^015114^|^015^|^08^|^CD^|^6212^|^FAL^|^01^|^51^|^2^|^004^|^Konsultasi Pencairan Dana^|0|^^|0|^^|^^|9|0|^00^|^^|0|0
^2026^|^01^|^015114^|^015^|^08^|^CD^|^6213^|^FAC^|^01^|^51^|^2^|^001^|^Monev Pengembangan Kompetensi KPA, PPK, PPSPM, Bendahara dan Pengelola Perbendaharaan^|0|^^|0|^^|^^|9|0|^00^|^^|0|0
^2026^|^01^|^015114^|^015^|^08^|^CD^|^6213^|^FAL^|^01^|^51^|^2^|^003^|^Reviu Belanja Pemerintah^|0|^^|0|^^|^^|1|0|^00^|^^|0|0
^2026^|^01^|^015114^|^015^|^08^|^CD^|^6214^|^FAL^|^01^|^51^|^2^|^002^|^Surat Perintah Pencairan/Penarikan/Repayment/Pengesahan Dana^|0|^^|0|^^|^^|4440|0|^00^|^^|0|0
^2026^|^01^|^015114^|^015^|^08^|^CD^|^6215^|^FAH^|^01^|^51^|^2^|^003^|^Laporan Keuangan BUN^|0|^^|0|^^|^^|4|0|^00^|^^|0|0
^2026^|^01^|^015114^|^015^|^08^|^WA^|^4715^|^EBA^|^01^|^51^|^2^|^001^|^Kerumahtanggaan^|0|^^|0|^^|^^|12|0|^00^|^^|0|0
^2026^|^01^|^015114^|^015^|^08^|^WA^|^4715^|^EBA^|^01^|^51^|^2^|^002^|^Dukungan Pimpinan dan Keprotokoleran^|0|^^|0|^^|^^|12|0|^00^|^^|0|0
^2026^|^01^|^015114^|^015^|^08^|^WA^|^4715^|^EBA^|^01^|^51^|^2^|^994^|^Layanan Perkantoran^|0|^^|0|^^|^^|12|0|^00^|^^|0|0
^2026^|^01^|^330171^|^015^|^08^|^CD^|^6212^|^BMB^|^33^|^01^|^2^|^001^|^Dukungan Pemberdayaan UMKM untuk Inklusi Pemanfaatan Digipay^|0|^^|0|^^|^^|1|0|^00^|^^|0|0
^2026^|^01^|^330171^|^015^|^08^|^CD^|^6212^|^FAC^|^33^|^01^|^2^|^002^|^Bimbingan Teknis Pengelola Keuangan BLU^|0|^^|0|^^|^^|12|0|^00^|^^|0|0
^2026^|^01^|^330171^|^015^|^08^|^CD^|^6212^|^FAH^|^33^|^01^|^2^|^002^|^Komunikasi dan Edukasi Dalam Rangka Penyusunan Government Financial Statistic (GFS)^|0|^^|0|^^|^^|7|0|^00^|^^|0|0
^2026^|^01^|^330171^|^015^|^08^|^CD^|^6212^|^FAL^|^33^|^01^|^2^|^001^|^Pembinaan Pelaksanaan Anggaran^|0|^^|0|^^|^^|8|0|^00^|^^|0|0
^2026^|^01^|^330171^|^015^|^08^|^CD^|^6213^|^ABA^|^33^|^01^|^2^|^001^|^Kajian atas Peluang Investasi dan Pinjaman Daerah^|0|^^|0|^^|^^|2|0|^00^|^^|0|0
^2026^|^01^|^330171^|^015^|^08^|^CD^|^6213^|^FAE^|^33^|^01^|^2^|^008^|^ALCo Regional^|0|^^|0|^^|^^|2|0|^00^|^^|0|0
^2026^|^01^|^330171^|^015^|^08^|^CD^|^6213^|^FAE^|^33^|^01^|^2^|^009^|^Rekomendasi atas Kinerja Investasi Pemerintah^|0|^^|0|^^|^^|2|0|^00^|^^|0|0
^2026^|^01^|^330171^|^015^|^08^|^CD^|^6213^|^FAL^|^33^|^01^|^2^|^003^|^Reviu Belanja Pemerintah^|0|^^|0|^^|^^|4|0|^00^|^^|0|0
^2026^|^01^|^330171^|^015^|^08^|^CD^|^6215^|^FAH^|^33^|^01^|^2^|^001^|^Government Financial Statistic (GFS)^|0|^^|0|^^|^^|4|0|^00^|^^|0|0
^2026^|^01^|^330171^|^015^|^08^|^CD^|^6215^|^FAH^|^33^|^01^|^2^|^003^|^Laporan Keuangan BUN^|0|^^|0|^^|^^|4|0|^00^|^^|0|0
^2026^|^01^|^330171^|^015^|^08^|^WA^|^4715^|^EBA^|^33^|^01^|^2^|^001^|^Kerumahtanggaan^|0|^^|0|^^|^^|12|0|^00^|^^|0|0
^2026^|^01^|^330171^|^015^|^08^|^WA^|^4715^|^EBA^|^33^|^01^|^2^|^002^|^Dukungan Pimpinan dan Keprotokoleran^|0|^^|0|^^|^^|12|0|^00^|^^|0|0
^2026^|^01^|^330171^|^015^|^08^|^WA^|^4715^|^EBA^|^33^|^01^|^2^|^994^|^Layanan Perkantoran^|0|^^|0|^^|^^|12|0|^00^|^^|0|0
^2026^|^01^|^330171^|^015^|^08^|^WA^|^4715^|^EBB^|^33^|^01^|^2^|^004^|^Gedung/Bangunan^|0|^^|0|^^|^^|480|0|^00^|^^|0|0
^2026^|^01^|^330171^|^015^|^08^|^WA^|^4715^|^EBD^|^33^|^01^|^2^|^Z26^|^Laporan Keuangan Unit^|0|^^|0|^^|^^|2|0|^00^|^^|0|0
^2026^|^01^|^330171^|^015^|^08^|^WA^|^4715^|^EBD^|^33^|^01^|^2^|^Z36^|^Dokumen Pengelolaan Kinerja Organisasi^|0|^^|0|^^|^^|4|0|^00^|^^|0|0
^2026^|^01^|^330171^|^015^|^08^|^WA^|^4718^|^BMB^|^33^|^01^|^2^|^001^|^Pembinaan/Edukasi Publik^|0|^^|0|^^|^^|2|0|^00^|^^|0|0
^2026^|^01^|^330171^|^015^|^08^|^WA^|^4718^|^BMB^|^33^|^01^|^2^|^002^|^Kehumasan^|0|^^|0|^^|^^|4|0|^00^|^^|0|0
^2026^|^01^|^330171^|^015^|^08^|^WA^|^4719^|^EBA^|^33^|^01^|^2^|^003^|^Rekomendasi Pengelolaan Organisasi^|0|^^|0|^^|^^|7|0|^00^|^^|0|0
^2026^|^01^|^330171^|^015^|^08^|^WA^|^4719^|^EBA^|^33^|^01^|^2^|^994^|^Layanan Perkantoran^|0|^^|0|^^|^^|12|0|^00^|^^|0|0
^2026^|^01^|^330171^|^015^|^08^|^WA^|^4719^|^EBC^|^33^|^01^|^2^|^001^|^Pengembangan SDM^|0|^^|0|^^|^^|41|0|^00^|^^|0|0
^2026^|^01^|^330171^|^015^|^08^|^WA^|^4722^|^EBD^|^33^|^01^|^2^|^001^|^Rekomendasi Penerapan Pengelolaan Risiko, Pengendalian dan Pengawasan Internal^|0|^^|0|^^|^^|2|0|^00^|^^|0|0
^2026^|^01^|^330171^|^015^|^08^|^WA^|^6990^|^ABA^|^33^|^01^|^2^|^001^|^Rekomendasi Kebijakan terkait Percepatan Pembangunan dan Otonomi Khusus Papua^|0|^^|0|^^|^^|4|0|^00^|^^|0|0
^2026^|^01^|^330171^|^015^|^08^|^CD^|^6216^|^FAE^|^33^|^01^|^2^|^002^|^Rekomendasi Tarif Standar Biaya Masukan^|0|^^|0|^^|^^|1|0|^00^|^^|0|0
^2026^|^01^|^439165^|^015^|^08^|^CD^|^6216^|^AAH^|^01^|^51^|^1^|^F01^|^Pedoman Mengenai Akuntansi dan Pelaporan Keuangan Pemerintah^|0|^^|0|^^|^^|4|0|^00^|^^|0|0
^2026^|^01^|^439165^|^015^|^08^|^WA^|^4715^|^EBA^|^01^|^51^|^1^|^994^|^Layanan Perkantoran^|0|^^|0|^^|^^|12|0|^00^|^^|0|0
^2026^|^01^|^445371^|^015^|^08^|^CD^|^6212^|^FAC^|^26^|^06^|^2^|^001^|^Komunikasi dan Edukasi Implementasi Aplikasi^|0|^^|0|^^|^^|15|0|^00^|^^|0|0
^2026^|^01^|^445371^|^015^|^08^|^CD^|^6212^|^FAH^|^26^|^06^|^2^|^001^|^Edukasi Dalam Rangka Penyusunan Laporan Keuangan Tingkat Kuasa BUN^|0|^^|0|^^|^^|4|0|^00^|^^|0|0
^2026^|^01^|^445371^|^015^|^08^|^CD^|^6212^|^FAL^|^26^|^06^|^2^|^004^|^Konsultasi Pencairan Dana^|0|^^|0|^^|^^|8|0|^00^|^^|0|0
^2026^|^01^|^445371^|^015^|^08^|^CD^|^6213^|^FAC^|^26^|^06^|^2^|^001^|^Monev Pengembangan Kompetensi KPA, PPK, PPSPM, Bendahara dan Pengelola Perbendaharaan^|0|^^|0|^^|^^|8|0|^00^|^^|0|0
^2026^|^01^|^445371^|^015^|^08^|^CD^|^6213^|^FAL^|^26^|^06^|^2^|^003^|^Reviu Belanja Pemerintah^|0|^^|0|^^|^^|1|0|^00^|^^|0|0
^2026^|^01^|^445371^|^015^|^08^|^CD^|^6214^|^FAL^|^26^|^06^|^2^|^002^|^Surat Perintah Pencairan/Penarikan/Repayment/Pengesahan Dana^|0|^^|0|^^|^^|648|0|^00^|^^|0|0
^2026^|^01^|^445371^|^015^|^08^|^CD^|^6215^|^FAH^|^26^|^06^|^2^|^003^|^Laporan Keuangan BUN^|0|^^|0|^^|^^|4|0|^00^|^^|0|0
^2026^|^01^|^445371^|^015^|^08^|^WA^|^4715^|^EBA^|^26^|^06^|^2^|^001^|^Kerumahtanggaan^|0|^^|0|^^|^^|12|0|^00^|^^|0|0
^2026^|^01^|^445371^|^015^|^08^|^WA^|^4715^|^EBA^|^26^|^06^|^2^|^002^|^Dukungan Pimpinan dan Keprotokoleran^|0|^^|0|^^|^^|12|0|^00^|^^|0|0
^2026^|^01^|^445371^|^015^|^08^|^WA^|^4715^|^EBA^|^26^|^06^|^2^|^994^|^Layanan Perkantoran^|0|^^|0|^^|^^|12|0|^00^|^^|0|0
^2026^|^01^|^445371^|^015^|^08^|^WA^|^4715^|^EBD^|^26^|^06^|^2^|^Z36^|^Dokumen Pengelolaan Kinerja Organisasi^|0|^^|0|^^|^^|2|0|^00^|^^|0|0
^2026^|^01^|^445371^|^015^|^08^|^WA^|^4718^|^BMB^|^26^|^06^|^2^|^001^|^Pembinaan/Edukasi Publik^|0|^^|0|^^|^^|2|0|^00^|^^|0|0
^2026^|^01^|^445371^|^015^|^08^|^WA^|^4718^|^BMB^|^26^|^06^|^2^|^002^|^Kehumasan^|0|^^|0|^^|^^|1|0|^00^|^^|0|0
^2026^|^01^|^445371^|^015^|^08^|^WA^|^4719^|^EBA^|^26^|^06^|^2^|^004^|^Hasil Survey/Rekomendasi Kepuasan Pengguna Layanan^|0|^^|0|^^|^^|2|0|^00^|^^|0|0
^2026^|^01^|^445371^|^015^|^08^|^WA^|^4719^|^EBA^|^26^|^06^|^2^|^994^|^Layanan Perkantoran^|0|^^|0|^^|^^|12|0|^00^|^^|0|0
^2026^|^01^|^445371^|^015^|^08^|^WA^|^4719^|^EBC^|^26^|^06^|^2^|^001^|^Pengembangan SDM^|0|^^|0|^^|^^|12|0|^00^|^^|0|0
^2026^|^01^|^451531^|^015^|^08^|^CD^|^6212^|^BMB^|^02^|^51^|^2^|^001^|^Dukungan Pemberdayaan UMKM untuk Inklusi Pemanfaatan Digipay^|0|^^|0|^^|^^|1|0|^00^|^^|0|0
^2026^|^01^|^451531^|^015^|^08^|^CD^|^6212^|^FAC^|^02^|^51^|^2^|^001^|^Komunikasi dan Edukasi Implementasi Aplikasi^|0|^^|0|^^|^^|189|0|^00^|^^|0|0
^2026^|^01^|^451531^|^015^|^08^|^CD^|^6212^|^FAH^|^02^|^51^|^2^|^001^|^Edukasi Dalam Rangka Penyusunan Laporan Keuangan Tingkat Kuasa BUN^|0|^^|0|^^|^^|4|0|^00^|^^|0|0
^2026^|^01^|^451531^|^015^|^08^|^CD^|^6212^|^FAL^|^02^|^51^|^2^|^004^|^Konsultasi Pencairan Dana^|0|^^|0|^^|^^|9|0|^00^|^^|0|0
^2026^|^01^|^451531^|^015^|^08^|^CD^|^6213^|^FAC^|^02^|^51^|^2^|^001^|^Monev Pengembangan Kompetensi KPA, PPK, PPSPM, Bendahara dan Pengelola Perbendaharaan^|0|^^|0|^^|^^|9|0|^00^|^^|0|0
^2026^|^01^|^451531^|^015^|^08^|^CD^|^6213^|^FAE^|^02^|^51^|^2^|^009^|^Rekomendasi atas Kinerja Investasi Pemerintah^|0|^^|0|^^|^^|2|0|^00^|^^|0|0
^2026^|^01^|^451531^|^015^|^08^|^CD^|^6213^|^FAL^|^02^|^51^|^2^|^003^|^Reviu Belanja Pemerintah^|0|^^|0|^^|^^|1|0|^00^|^^|0|0
^2026^|^01^|^451531^|^015^|^08^|^CD^|^6214^|^FAL^|^02^|^51^|^2^|^002^|^Surat Perintah Pencairan/Penarikan/Repayment/Pengesahan Dana^|0|^^|0|^^|^^|4488|0|^00^|^^|0|0
^2026^|^01^|^451531^|^015^|^08^|^CD^|^6215^|^FAH^|^02^|^51^|^2^|^003^|^Laporan Keuangan BUN^|0|^^|0|^^|^^|4|0|^00^|^^|0|0
^2026^|^01^|^451531^|^015^|^08^|^WA^|^4715^|^EBA^|^02^|^51^|^2^|^001^|^Kerumahtanggaan^|0|^^|0|^^|^^|12|0|^00^|^^|0|0
^2026^|^01^|^451531^|^015^|^08^|^WA^|^4715^|^EBA^|^02^|^51^|^2^|^002^|^Dukungan Pimpinan dan Keprotokoleran^|0|^^|0|^^|^^|12|0|^00^|^^|0|0
^2026^|^01^|^451531^|^015^|^08^|^WA^|^4715^|^EBA^|^02^|^51^|^2^|^994^|^Layanan Perkantoran^|0|^^|0|^^|^^|12|0|^00^|^^|0|0
^2026^|^01^|^451531^|^015^|^08^|^WA^|^4715^|^EBB^|^02^|^51^|^2^|^002^|^Peralatan Fasilitas Perkantoran^|0|^^|0|^^|^^|6|0|^00^|^^|0|0
^2026^|^01^|^451531^|^015^|^08^|^WA^|^4715^|^EBD^|^02^|^51^|^2^|^Z36^|^Dokumen Pengelolaan Kinerja Organisasi^|0|^^|0|^^|^^|2|0|^00^|^^|0|0
^2026^|^01^|^451531^|^015^|^08^|^WA^|^4718^|^BMB^|^02^|^51^|^2^|^001^|^Pembinaan/Edukasi Publik^|0|^^|0|^^|^^|2|0|^00^|^^|0|0
^2026^|^01^|^451531^|^015^|^08^|^WA^|^4718^|^BMB^|^02^|^51^|^2^|^002^|^Kehumasan^|0|^^|0|^^|^^|1|0|^00^|^^|0|0
^2026^|^01^|^451531^|^015^|^08^|^WA^|^4719^|^EBA^|^02^|^51^|^2^|^004^|^Hasil Survey/Rekomendasi Kepuasan Pengguna Layanan^|0|^^|0|^^|^^|2|0|^00^|^^|0|0
^2026^|^01^|^451531^|^015^|^08^|^WA^|^4719^|^EBA^|^02^|^51^|^2^|^994^|^Layanan Perkantoran^|0|^^|0|^^|^^|12|0|^00^|^^|0|0
^2026^|^01^|^451531^|^015^|^08^|^WA^|^4719^|^EBC^|^02^|^51^|^2^|^001^|^Pengembangan SDM^|0|^^|0|^^|^^|25|0|^00^|^^|0|0
^2026^|^01^|^340249^|^015^|^08^|^CD^|^6213^|^FAE^|^34^|^02^|^2^|^008^|^ALCo Regional^|0|^^|0|^^|^^|2|0|^00^|^^|0|0
^2026^|^01^|^340249^|^015^|^08^|^CD^|^6213^|^FAE^|^34^|^02^|^2^|^009^|^Rekomendasi atas Kinerja Investasi Pemerintah^|0|^^|0|^^|^^|2|0|^00^|^^|0|0
^2026^|^01^|^340249^|^015^|^08^|^CD^|^6213^|^FAL^|^34^|^02^|^2^|^003^|^Reviu Belanja Pemerintah^|0|^^|0|^^|^^|4|0|^00^|^^|0|0
^2026^|^01^|^340249^|^015^|^08^|^CD^|^6215^|^FAH^|^34^|^02^|^2^|^001^|^Government Financial Statistic (GFS)^|0|^^|0|^^|^^|4|0|^00^|^^|0|0
^2026^|^01^|^340249^|^015^|^08^|^CD^|^6215^|^FAH^|^34^|^02^|^2^|^003^|^Laporan Keuangan BUN^|0|^^|0|^^|^^|4|0|^00^|^^|0|0
^2026^|^01^|^340249^|^015^|^08^|^CD^|^6216^|^FAE^|^34^|^02^|^2^|^002^|^Rekomendasi Tarif Standar Biaya Masukan^|0|^^|0|^^|^^|1|0|^00^|^^|0|0
^2026^|^01^|^340249^|^015^|^08^|^WA^|^4715^|^EBA^|^34^|^02^|^2^|^001^|^Kerumahtanggaan^|0|^^|0|^^|^^|12|0|^00^|^^|0|0
^2026^|^01^|^340249^|^015^|^08^|^WA^|^4715^|^EBA^|^34^|^02^|^2^|^002^|^Dukungan Pimpinan dan Keprotokoleran^|0|^^|0|^^|^^|12|0|^00^|^^|0|0
^2026^|^01^|^340249^|^015^|^08^|^WA^|^4715^|^EBA^|^34^|^02^|^2^|^994^|^Layanan Perkantoran^|0|^^|0|^^|^^|12|0|^00^|^^|0|0
^2026^|^01^|^340249^|^015^|^08^|^WA^|^4715^|^EBD^|^34^|^02^|^2^|^Z26^|^Laporan Keuangan Unit^|0|^^|0|^^|^^|2|0|^00^|^^|0|0
^2026^|^01^|^340249^|^015^|^08^|^WA^|^4715^|^EBD^|^34^|^02^|^2^|^Z36^|^Dokumen Pengelolaan Kinerja Organisasi^|0|^^|0|^^|^^|4|0|^00^|^^|0|0
^2026^|^01^|^340249^|^015^|^08^|^WA^|^4718^|^BMB^|^34^|^02^|^2^|^001^|^Pembinaan/Edukasi Publik^|0|^^|0|^^|^^|2|0|^00^|^^|0|0
^2026^|^01^|^340249^|^015^|^08^|^WA^|^4718^|^BMB^|^34^|^02^|^2^|^002^|^Kehumasan^|0|^^|0|^^|^^|4|0|^00^|^^|0|0
^2026^|^01^|^340249^|^015^|^08^|^WA^|^4719^|^EBA^|^34^|^02^|^2^|^003^|^Rekomendasi Pengelolaan Organisasi^|0|^^|0|^^|^^|5|0|^00^|^^|0|0
^2026^|^01^|^340249^|^015^|^08^|^WA^|^4719^|^EBA^|^34^|^02^|^2^|^994^|^Layanan Perkantoran^|0|^^|0|^^|^^|12|0|^00^|^^|0|0
^2026^|^01^|^340249^|^015^|^08^|^WA^|^4719^|^EBC^|^34^|^02^|^2^|^001^|^Pengembangan SDM^|0|^^|0|^^|^^|39|0|^00^|^^|0|0
^2026^|^01^|^340249^|^015^|^08^|^WA^|^4722^|^EBD^|^34^|^02^|^2^|^001^|^Rekomendasi Penerapan Pengelolaan Risiko, Pengendalian dan Pengawasan Internal^|0|^^|0|^^|^^|2|0|^00^|^^|0|0
^2026^|^01^|^340249^|^015^|^08^|^CD^|^6212^|^BMB^|^34^|^02^|^2^|^001^|^Dukungan Pemberdayaan UMKM untuk Inklusi Pemanfaatan Digipay^|0|^^|0|^^|^^|1|0|^00^|^^|0|0
^2026^|^01^|^340249^|^015^|^08^|^CD^|^6212^|^FAC^|^34^|^02^|^2^|^002^|^Bimbingan Teknis Pengelola Keuangan BLU^|0|^^|0|^^|^^|20|0|^00^|^^|0|0
^2026^|^01^|^340249^|^015^|^08^|^CD^|^6212^|^FAH^|^34^|^02^|^2^|^002^|^Komunikasi dan Edukasi Dalam Rangka Penyusunan Government Financial Statistic (GFS)^|0|^^|0|^^|^^|7|0|^00^|^^|0|0
^2026^|^01^|^340249^|^015^|^08^|^CD^|^6212^|^FAH^|^34^|^02^|^2^|^003^|^Komunikasi dan Edukasi Penyusunan LKKL dan LKBUN^|0|^^|0|^^|^^|4|0|^00^|^^|0|0
^2026^|^01^|^340249^|^015^|^08^|^CD^|^6212^|^FAL^|^34^|^02^|^2^|^001^|^Pembinaan Pelaksanaan Anggaran^|0|^^|0|^^|^^|8|0|^00^|^^|0|0
^2026^|^01^|^340249^|^015^|^08^|^CD^|^6213^|^ABA^|^34^|^02^|^2^|^001^|^Kajian atas Peluang Investasi dan Pinjaman Daerah^|0|^^|0|^^|^^|2|0|^00^|^^|0|0
^2026^|^01^|^451604^|^015^|^08^|^CD^|^6212^|^FAC^|^34^|^02^|^2^|^001^|^Komunikasi dan Edukasi Implementasi Aplikasi^|0|^^|0|^^|^^|92|0|^00^|^^|0|0
^2026^|^01^|^451604^|^015^|^08^|^CD^|^6212^|^FAH^|^34^|^02^|^2^|^001^|^Edukasi Dalam Rangka Penyusunan Laporan Keuangan Tingkat Kuasa BUN^|0|^^|0|^^|^^|4|0|^00^|^^|0|0
^2026^|^01^|^451604^|^015^|^08^|^CD^|^6212^|^FAL^|^34^|^02^|^2^|^004^|^Konsultasi Pencairan Dana^|0|^^|0|^^|^^|9|0|^00^|^^|0|0
^2026^|^01^|^451604^|^015^|^08^|^CD^|^6213^|^FAC^|^34^|^02^|^2^|^001^|^Monev Pengembangan Kompetensi KPA, PPK, PPSPM, Bendahara dan Pengelola Perbendaharaan^|0|^^|0|^^|^^|10|0|^00^|^^|0|0
^2026^|^01^|^451604^|^015^|^08^|^CD^|^6213^|^FAE^|^34^|^02^|^2^|^009^|^Rekomendasi atas Kinerja Investasi Pemerintah^|0|^^|0|^^|^^|2|0|^00^|^^|0|0
^2026^|^01^|^451604^|^015^|^08^|^CD^|^6213^|^FAL^|^34^|^02^|^2^|^003^|^Reviu Belanja Pemerintah^|0|^^|0|^^|^^|1|0|^00^|^^|0|0
^2026^|^01^|^451604^|^015^|^08^|^CD^|^6214^|^FAL^|^34^|^02^|^2^|^002^|^Surat Perintah Pencairan/Penarikan/Repayment/Pengesahan Dana^|0|^^|0|^^|^^|4200|0|^00^|^^|0|0
^2026^|^01^|^451604^|^015^|^08^|^CD^|^6215^|^FAH^|^34^|^02^|^2^|^003^|^Laporan Keuangan BUN^|0|^^|0|^^|^^|4|0|^00^|^^|0|0
^2026^|^01^|^451604^|^015^|^08^|^WA^|^4715^|^EBA^|^34^|^02^|^2^|^001^|^Kerumahtanggaan^|0|^^|0|^^|^^|12|0|^00^|^^|0|0
^2026^|^01^|^451604^|^015^|^08^|^WA^|^4715^|^EBA^|^34^|^02^|^2^|^002^|^Dukungan Pimpinan dan Keprotokoleran^|0|^^|0|^^|^^|12|0|^00^|^^|0|0
^2026^|^01^|^451604^|^015^|^08^|^WA^|^4715^|^EBA^|^34^|^02^|^2^|^994^|^Layanan Perkantoran^|0|^^|0|^^|^^|12|0|^00^|^^|0|0
^2026^|^01^|^451604^|^015^|^08^|^WA^|^4715^|^EBD^|^34^|^02^|^2^|^Z36^|^Dokumen Pengelolaan Kinerja Organisasi^|0|^^|0|^^|^^|2|0|^00^|^^|0|0
^2026^|^01^|^451604^|^015^|^08^|^WA^|^4718^|^BMB^|^34^|^02^|^2^|^002^|^Kehumasan^|0|^^|0|^^|^^|1|0|^00^|^^|0|0
^2026^|^01^|^451604^|^015^|^08^|^WA^|^4718^|^BMB^|^34^|^02^|^2^|^001^|^Pembinaan/Edukasi Publik^|0|^^|0|^^|^^|2|0|^00^|^^|0|0
^2026^|^01^|^451604^|^015^|^08^|^WA^|^4719^|^EBA^|^34^|^02^|^2^|^994^|^Layanan Perkantoran^|0|^^|0|^^|^^|12|0|^00^|^^|0|0
^2026^|^01^|^451604^|^015^|^08^|^WA^|^4719^|^EBA^|^34^|^02^|^2^|^004^|^Hasil Survey/Rekomendasi Kepuasan Pengguna Layanan^|0|^^|0|^^|^^|2|0|^00^|^^|0|0
^2026^|^01^|^451604^|^015^|^08^|^WA^|^4719^|^EBC^|^34^|^02^|^2^|^001^|^Pengembangan SDM^|0|^^|0|^^|^^|20|0|^00^|^^|0|0
^2026^|^01^|^452878^|^015^|^08^|^CD^|^6212^|^BMB^|^28^|^03^|^2^|^001^|^Dukungan Pemberdayaan UMKM untuk Inklusi Pemanfaatan Digipay^|0|^^|0|^^|^^|1|0|^00^|^^|0|0
^2026^|^01^|^452878^|^015^|^08^|^CD^|^6212^|^FAC^|^28^|^03^|^2^|^001^|^Komunikasi dan Edukasi Implementasi Aplikasi^|0|^^|0|^^|^^|36|0|^00^|^^|0|0
^2026^|^01^|^452878^|^015^|^08^|^CD^|^6212^|^FAH^|^28^|^03^|^2^|^001^|^Edukasi Dalam Rangka Penyusunan Laporan Keuangan Tingkat Kuasa BUN^|0|^^|0|^^|^^|4|0|^00^|^^|0|0
^2026^|^01^|^452878^|^015^|^08^|^CD^|^6212^|^FAL^|^28^|^03^|^2^|^004^|^Konsultasi Pencairan Dana^|0|^^|0|^^|^^|9|0|^00^|^^|0|0
^2026^|^01^|^452878^|^015^|^08^|^CD^|^6213^|^FAC^|^28^|^03^|^2^|^001^|^Monev Pengembangan Kompetensi KPA, PPK, PPSPM, Bendahara dan Pengelola Perbendaharaan^|0|^^|0|^^|^^|9|0|^00^|^^|0|0
^2026^|^01^|^452878^|^015^|^08^|^CD^|^6214^|^FAL^|^28^|^03^|^2^|^002^|^Surat Perintah Pencairan/Penarikan/Repayment/Pengesahan Dana^|0|^^|0|^^|^^|1326|0|^00^|^^|0|0
^2026^|^01^|^452878^|^015^|^08^|^CD^|^6215^|^FAH^|^28^|^03^|^2^|^003^|^Laporan Keuangan BUN^|0|^^|0|^^|^^|4|0|^00^|^^|0|0
^2026^|^01^|^452878^|^015^|^08^|^WA^|^4715^|^EBA^|^28^|^03^|^2^|^001^|^Kerumahtanggaan^|0|^^|0|^^|^^|12|0|^00^|^^|0|0
^2026^|^01^|^452878^|^015^|^08^|^WA^|^4715^|^EBA^|^28^|^03^|^2^|^002^|^Dukungan Pimpinan dan Keprotokoleran^|0|^^|0|^^|^^|12|0|^00^|^^|0|0
^2026^|^01^|^452878^|^015^|^08^|^WA^|^4715^|^EBA^|^28^|^03^|^2^|^994^|^Layanan Perkantoran^|0|^^|0|^^|^^|12|0|^00^|^^|0|0
^2026^|^01^|^452878^|^015^|^08^|^WA^|^4715^|^EBD^|^28^|^03^|^2^|^Z36^|^Dokumen Pengelolaan Kinerja Organisasi^|0|^^|0|^^|^^|2|0|^00^|^^|0|0
^2026^|^01^|^452878^|^015^|^08^|^WA^|^4718^|^BMB^|^28^|^03^|^2^|^001^|^Pembinaan/Edukasi Publik^|0|^^|0|^^|^^|2|0|^00^|^^|0|0
^2026^|^01^|^452878^|^015^|^08^|^WA^|^4718^|^BMB^|^28^|^03^|^2^|^002^|^Kehumasan^|0|^^|0|^^|^^|1|0|^00^|^^|0|0
^2026^|^01^|^452878^|^015^|^08^|^WA^|^4719^|^EBA^|^28^|^03^|^2^|^004^|^Hasil Survey/Rekomendasi Kepuasan Pengguna Layanan^|0|^^|0|^^|^^|2|0|^00^|^^|0|0
^2026^|^01^|^452878^|^015^|^08^|^WA^|^4719^|^EBA^|^28^|^03^|^2^|^994^|^Layanan Perkantoran^|0|^^|0|^^|^^|12|0|^00^|^^|0|0
^2026^|^01^|^452878^|^015^|^08^|^WA^|^4719^|^EBC^|^28^|^03^|^2^|^001^|^Pengembangan SDM^|0|^^|0|^^|^^|10|0|^00^|^^|0|0
^2026^|^01^|^451547^|^015^|^08^|^CD^|^6212^|^BMB^|^03^|^51^|^2^|^001^|^Dukungan Pemberdayaan UMKM untuk Inklusi Pemanfaatan Digipay^|0|^^|0|^^|^^|1|0|^00^|^^|0|0
^2026^|^01^|^451547^|^015^|^08^|^CD^|^6212^|^FAC^|^03^|^51^|^2^|^001^|^Komunikasi dan Edukasi Implementasi Aplikasi^|0|^^|0|^^|^^|53|0|^00^|^^|0|0
^2026^|^01^|^451547^|^015^|^08^|^CD^|^6212^|^FAH^|^03^|^51^|^2^|^001^|^Edukasi Dalam Rangka Penyusunan Laporan Keuangan Tingkat Kuasa BUN^|0|^^|0|^^|^^|4|0|^00^|^^|0|0
^2026^|^01^|^451547^|^015^|^08^|^CD^|^6212^|^FAL^|^03^|^51^|^2^|^004^|^Konsultasi Pencairan Dana^|0|^^|0|^^|^^|9|0|^00^|^^|0|0
^2026^|^01^|^451547^|^015^|^08^|^CD^|^6213^|^FAC^|^03^|^51^|^2^|^001^|^Monev Pengembangan Kompetensi KPA, PPK, PPSPM, Bendahara dan Pengelola Perbendaharaan^|0|^^|0|^^|^^|9|0|^00^|^^|0|0
^2026^|^01^|^451547^|^015^|^08^|^CD^|^6213^|^FAE^|^03^|^51^|^2^|^009^|^Rekomendasi atas Kinerja Investasi Pemerintah^|0|^^|0|^^|^^|2|0|^00^|^^|0|0
^2026^|^01^|^451547^|^015^|^08^|^CD^|^6213^|^FAL^|^03^|^51^|^2^|^003^|^Reviu Belanja Pemerintah^|0|^^|0|^^|^^|1|0|^00^|^^|0|0
^2026^|^01^|^451547^|^015^|^08^|^CD^|^6214^|^FAL^|^03^|^51^|^2^|^002^|^Surat Perintah Pencairan/Penarikan/Repayment/Pengesahan Dana^|0|^^|0|^^|^^|2400|0|^00^|^^|0|0
^2026^|^01^|^451547^|^015^|^08^|^CD^|^6215^|^FAH^|^03^|^51^|^2^|^003^|^Laporan Keuangan BUN^|0|^^|0|^^|^^|4|0|^00^|^^|0|0
^2026^|^01^|^451547^|^015^|^08^|^WA^|^4715^|^EBA^|^03^|^51^|^2^|^001^|^Kerumahtanggaan^|0|^^|0|^^|^^|12|0|^00^|^^|0|0
^2026^|^01^|^451547^|^015^|^08^|^WA^|^4715^|^EBA^|^03^|^51^|^2^|^002^|^Dukungan Pimpinan dan Keprotokoleran^|0|^^|0|^^|^^|12|0|^00^|^^|0|0
^2026^|^01^|^451547^|^015^|^08^|^WA^|^4715^|^EBA^|^03^|^51^|^2^|^994^|^Layanan Perkantoran^|0|^^|0|^^|^^|12|0|^00^|^^|0|0
^2026^|^01^|^451547^|^015^|^08^|^WA^|^4715^|^EBB^|^03^|^51^|^2^|^002^|^Peralatan Fasilitas Perkantoran^|0|^^|0|^^|^^|5|0|^00^|^^|0|0
^2026^|^01^|^451547^|^015^|^08^|^WA^|^4718^|^BMB^|^03^|^51^|^2^|^001^|^Pembinaan/Edukasi Publik^|0|^^|0|^^|^^|2|0|^00^|^^|0|0
^2026^|^01^|^451547^|^015^|^08^|^WA^|^4718^|^BMB^|^03^|^51^|^2^|^002^|^Kehumasan^|0|^^|0|^^|^^|1|0|^00^|^^|0|0
^2026^|^01^|^451547^|^015^|^08^|^WA^|^4719^|^EBA^|^03^|^51^|^2^|^004^|^Hasil Survey/Rekomendasi Kepuasan Pengguna Layanan^|0|^^|0|^^|^^|2|0|^00^|^^|0|0
^2026^|^01^|^451547^|^015^|^08^|^WA^|^4719^|^EBA^|^03^|^51^|^2^|^994^|^Layanan Perkantoran^|0|^^|0|^^|^^|12|0|^00^|^^|0|0
^2026^|^01^|^451547^|^015^|^08^|^WA^|^4719^|^EBC^|^03^|^51^|^2^|^001^|^Pengembangan SDM^|0|^^|0|^^|^^|24|0|^00^|^^|0|0
^2026^|^01^|^451562^|^015^|^08^|^CD^|^6212^|^BMB^|^07^|^51^|^2^|^001^|^Dukungan Pemberdayaan UMKM untuk Inklusi Pemanfaatan Digipay^|0|^^|0|^^|^^|1|0|^00^|^^|0|0
^2026^|^01^|^451562^|^015^|^08^|^CD^|^6212^|^FAC^|^07^|^51^|^2^|^001^|^Komunikasi dan Edukasi Implementasi Aplikasi^|0|^^|0|^^|^^|89|0|^00^|^^|0|0
^2026^|^01^|^451562^|^015^|^08^|^CD^|^6212^|^FAH^|^07^|^51^|^2^|^001^|^Edukasi Dalam Rangka Penyusunan Laporan Keuangan Tingkat Kuasa BUN^|0|^^|0|^^|^^|4|0|^00^|^^|0|0
^2026^|^01^|^451562^|^015^|^08^|^CD^|^6212^|^FAL^|^07^|^51^|^2^|^004^|^Konsultasi Pencairan Dana^|0|^^|0|^^|^^|9|0|^00^|^^|0|0
^2026^|^01^|^451562^|^015^|^08^|^CD^|^6213^|^FAC^|^07^|^51^|^2^|^001^|^Monev Pengembangan Kompetensi KPA, PPK, PPSPM, Bendahara dan Pengelola Perbendaharaan^|0|^^|0|^^|^^|9|0|^00^|^^|0|0
^2026^|^01^|^451562^|^015^|^08^|^CD^|^6213^|^FAE^|^07^|^51^|^2^|^009^|^Rekomendasi atas Kinerja Investasi Pemerintah^|0|^^|0|^^|^^|2|0|^00^|^^|0|0
^2026^|^01^|^451562^|^015^|^08^|^CD^|^6213^|^FAL^|^07^|^51^|^2^|^003^|^Reviu Belanja Pemerintah^|0|^^|0|^^|^^|1|0|^00^|^^|0|0
^2026^|^01^|^451562^|^015^|^08^|^CD^|^6214^|^FAL^|^07^|^51^|^2^|^002^|^Surat Perintah Pencairan/Penarikan/Repayment/Pengesahan Dana^|0|^^|0|^^|^^|4176|0|^00^|^^|0|0
^2026^|^01^|^451562^|^015^|^08^|^CD^|^6215^|^FAH^|^07^|^51^|^2^|^003^|^Laporan Keuangan BUN^|0|^^|0|^^|^^|4|0|^00^|^^|0|0
^2026^|^01^|^451562^|^015^|^08^|^WA^|^4715^|^EBA^|^07^|^51^|^2^|^001^|^Kerumahtanggaan^|0|^^|0|^^|^^|12|0|^00^|^^|0|0
^2026^|^01^|^451562^|^015^|^08^|^WA^|^4715^|^EBA^|^07^|^51^|^2^|^002^|^Dukungan Pimpinan dan Keprotokoleran^|0|^^|0|^^|^^|12|0|^00^|^^|0|0
^2026^|^01^|^451562^|^015^|^08^|^WA^|^4715^|^EBA^|^07^|^51^|^2^|^994^|^Layanan Perkantoran^|0|^^|0|^^|^^|12|0|^00^|^^|0|0
^2026^|^01^|^451562^|^015^|^08^|^WA^|^4715^|^EBD^|^07^|^51^|^2^|^Z36^|^Dokumen Pengelolaan Kinerja Organisasi^|0|^^|0|^^|^^|2|0|^00^|^^|0|0
^2026^|^01^|^451562^|^015^|^08^|^WA^|^4718^|^BMB^|^07^|^51^|^2^|^001^|^Pembinaan/Edukasi Publik^|0|^^|0|^^|^^|2|0|^00^|^^|0|0
^2026^|^01^|^451562^|^015^|^08^|^WA^|^4718^|^BMB^|^07^|^51^|^2^|^002^|^Kehumasan^|0|^^|0|^^|^^|1|0|^00^|^^|0|0
^2026^|^01^|^451562^|^015^|^08^|^WA^|^4719^|^EBA^|^07^|^51^|^2^|^004^|^Hasil Survey/Rekomendasi Kepuasan Pengguna Layanan^|0|^^|0|^^|^^|2|0|^00^|^^|0|0
^2026^|^01^|^451562^|^015^|^08^|^WA^|^4719^|^EBA^|^07^|^51^|^2^|^994^|^Layanan Perkantoran^|0|^^|0|^^|^^|12|0|^00^|^^|0|0
^2026^|^01^|^451562^|^015^|^08^|^WA^|^4719^|^EBC^|^07^|^51^|^2^|^001^|^Pengembangan SDM^|0|^^|0|^^|^^|28|0|^00^|^^|0|0
^2026^|^01^|^451553^|^015^|^08^|^CD^|^6212^|^BMB^|^05^|^51^|^2^|^001^|^Dukungan Pemberdayaan UMKM untuk Inklusi Pemanfaatan Digipay^|0|^^|0|^^|^^|1|0|^00^|^^|0|0
^2026^|^01^|^451553^|^015^|^08^|^CD^|^6212^|^FAC^|^05^|^51^|^2^|^001^|^Komunikasi dan Edukasi Implementasi Aplikasi^|0|^^|0|^^|^^|160|0|^00^|^^|0|0
^2026^|^01^|^451553^|^015^|^08^|^CD^|^6212^|^FAH^|^05^|^51^|^2^|^001^|^Edukasi Dalam Rangka Penyusunan Laporan Keuangan Tingkat Kuasa BUN^|0|^^|0|^^|^^|4|0|^00^|^^|0|0
^2026^|^01^|^451553^|^015^|^08^|^CD^|^6212^|^FAL^|^05^|^51^|^2^|^004^|^Konsultasi Pencairan Dana^|0|^^|0|^^|^^|9|0|^00^|^^|0|0
^2026^|^01^|^451553^|^015^|^08^|^CD^|^6213^|^FAC^|^05^|^51^|^2^|^001^|^Monev Pengembangan Kompetensi KPA, PPK, PPSPM, Bendahara dan Pengelola Perbendaharaan^|0|^^|0|^^|^^|9|0|^00^|^^|0|0
^2026^|^01^|^451553^|^015^|^08^|^CD^|^6213^|^FAE^|^05^|^51^|^2^|^009^|^Rekomendasi atas Kinerja Investasi Pemerintah^|0|^^|0|^^|^^|2|0|^00^|^^|0|0
^2026^|^01^|^451553^|^015^|^08^|^CD^|^6213^|^FAL^|^05^|^51^|^2^|^003^|^Reviu Belanja Pemerintah^|0|^^|0|^^|^^|1|0|^00^|^^|0|0
^2026^|^01^|^451553^|^015^|^08^|^CD^|^6214^|^FAL^|^05^|^51^|^2^|^002^|^Surat Perintah Pencairan/Penarikan/Repayment/Pengesahan Dana^|0|^^|0|^^|^^|3312|0|^00^|^^|0|0
^2026^|^01^|^451553^|^015^|^08^|^CD^|^6215^|^FAH^|^05^|^51^|^2^|^003^|^Laporan Keuangan BUN^|0|^^|0|^^|^^|4|0|^00^|^^|0|0
^2026^|^01^|^451553^|^015^|^08^|^WA^|^4715^|^EBA^|^05^|^51^|^2^|^001^|^Kerumahtanggaan^|0|^^|0|^^|^^|12|0|^00^|^^|0|0
^2026^|^01^|^451553^|^015^|^08^|^WA^|^4715^|^EBA^|^05^|^51^|^2^|^002^|^Dukungan Pimpinan dan Keprotokoleran^|0|^^|0|^^|^^|12|0|^00^|^^|0|0
^2026^|^01^|^451553^|^015^|^08^|^WA^|^4715^|^EBA^|^05^|^51^|^2^|^994^|^Layanan Perkantoran^|0|^^|0|^^|^^|12|0|^00^|^^|0|0
^2026^|^01^|^451553^|^015^|^08^|^WA^|^4715^|^EBD^|^05^|^51^|^2^|^Z36^|^Dokumen Pengelolaan Kinerja Organisasi^|0|^^|0|^^|^^|2|0|^00^|^^|0|0
^2026^|^01^|^451553^|^015^|^08^|^WA^|^4718^|^BMB^|^05^|^51^|^2^|^002^|^Kehumasan^|0|^^|0|^^|^^|1|0|^00^|^^|0|0
^2026^|^01^|^451553^|^015^|^08^|^WA^|^4718^|^BMB^|^05^|^51^|^2^|^001^|^Pembinaan/Edukasi Publik^|0|^^|0|^^|^^|2|0|^00^|^^|0|0
^2026^|^01^|^451553^|^015^|^08^|^WA^|^4719^|^EBA^|^05^|^51^|^2^|^994^|^Layanan Perkantoran^|0|^^|0|^^|^^|12|0|^00^|^^|0|0
^2026^|^01^|^451553^|^015^|^08^|^WA^|^4719^|^EBA^|^05^|^51^|^2^|^004^|^Hasil Survey/Rekomendasi Kepuasan Pengguna Layanan^|0|^^|0|^^|^^|2|0|^00^|^^|0|0
^2026^|^01^|^451553^|^015^|^08^|^WA^|^4719^|^EBC^|^05^|^51^|^2^|^001^|^Pengembangan SDM^|0|^^|0|^^|^^|26|0|^00^|^^|0|0
^2026^|^01^|^497587^|^015^|^08^|^CD^|^6212^|^BMB^|^04^|^04^|^2^|^001^|^Dukungan Pemberdayaan UMKM untuk Inklusi Pemanfaatan Digipay^|0|^^|0|^^|^^|1|0|^00^|^^|0|0
^2026^|^01^|^497587^|^015^|^08^|^CD^|^6212^|^FAC^|^04^|^04^|^2^|^001^|^Komunikasi dan Edukasi Implementasi Aplikasi^|0|^^|0|^^|^^|33|0|^00^|^^|0|0
^2026^|^01^|^497587^|^015^|^08^|^CD^|^6212^|^FAH^|^04^|^04^|^2^|^001^|^Edukasi Dalam Rangka Penyusunan Laporan Keuangan Tingkat Kuasa BUN^|0|^^|0|^^|^^|4|0|^00^|^^|0|0
^2026^|^01^|^497587^|^015^|^08^|^CD^|^6212^|^FAL^|^04^|^04^|^2^|^004^|^Konsultasi Pencairan Dana^|0|^^|0|^^|^^|8|0|^00^|^^|0|0
^2026^|^01^|^497587^|^015^|^08^|^CD^|^6213^|^FAC^|^04^|^04^|^2^|^001^|^Monev Pengembangan Kompetensi KPA, PPK, PPSPM, Bendahara dan Pengelola Perbendaharaan^|0|^^|0|^^|^^|8|0|^00^|^^|0|0
^2026^|^01^|^497587^|^015^|^08^|^CD^|^6213^|^FAE^|^04^|^04^|^2^|^009^|^Rekomendasi atas Kinerja Investasi Pemerintah^|0|^^|0|^^|^^|2|0|^00^|^^|0|0
^2026^|^01^|^497587^|^015^|^08^|^CD^|^6213^|^FAL^|^04^|^04^|^2^|^003^|^Reviu Belanja Pemerintah^|0|^^|0|^^|^^|1|0|^00^|^^|0|0
^2026^|^01^|^497587^|^015^|^08^|^CD^|^6214^|^FAL^|^04^|^04^|^2^|^002^|^Surat Perintah Pencairan/Penarikan/Repayment/Pengesahan Dana^|0|^^|0|^^|^^|768|0|^00^|^^|0|0
^2026^|^01^|^497587^|^015^|^08^|^CD^|^6215^|^FAH^|^04^|^04^|^2^|^003^|^Laporan Keuangan BUN^|0|^^|0|^^|^^|4|0|^00^|^^|0|0
^2026^|^01^|^497587^|^015^|^08^|^WA^|^4715^|^EBA^|^04^|^04^|^2^|^001^|^Kerumahtanggaan^|0|^^|0|^^|^^|12|0|^00^|^^|0|0
^2026^|^01^|^497587^|^015^|^08^|^WA^|^4715^|^EBA^|^04^|^04^|^2^|^002^|^Dukungan Pimpinan dan Keprotokoleran^|0|^^|0|^^|^^|12|0|^00^|^^|0|0
^2026^|^01^|^497587^|^015^|^08^|^WA^|^4715^|^EBA^|^04^|^04^|^2^|^994^|^Layanan Perkantoran^|0|^^|0|^^|^^|12|0|^00^|^^|0|0
^2026^|^01^|^497587^|^015^|^08^|^WA^|^4715^|^EBD^|^04^|^04^|^2^|^Z36^|^Dokumen Pengelolaan Kinerja Organisasi^|0|^^|0|^^|^^|2|0|^00^|^^|0|0
^2026^|^01^|^497587^|^015^|^08^|^WA^|^4718^|^BMB^|^04^|^04^|^2^|^001^|^Pembinaan/Edukasi Publik^|0|^^|0|^^|^^|2|0|^00^|^^|0|0
^2026^|^01^|^497587^|^015^|^08^|^WA^|^4718^|^BMB^|^04^|^04^|^2^|^002^|^Kehumasan^|0|^^|0|^^|^^|1|0|^00^|^^|0|0
^2026^|^01^|^497587^|^015^|^08^|^WA^|^4719^|^EBA^|^04^|^04^|^2^|^004^|^Hasil Survey/Rekomendasi Kepuasan Pengguna Layanan^|0|^^|0|^^|^^|2|0|^00^|^^|0|0
^2026^|^01^|^497587^|^015^|^08^|^WA^|^4719^|^EBA^|^04^|^04^|^2^|^994^|^Layanan Perkantoran^|0|^^|0|^^|^^|12|0|^00^|^^|0|0
^2026^|^01^|^497587^|^015^|^08^|^WA^|^4719^|^EBC^|^04^|^04^|^2^|^001^|^Pengembangan SDM^|0|^^|0|^^|^^|15|0|^00^|^^|0|0
^2026^|^01^|^497593^|^015^|^08^|^CD^|^6212^|^FAC^|^19^|^10^|^2^|^001^|^Komunikasi dan Edukasi Implementasi Aplikasi^|0|^^|0|^^|^^|10|0|^00^|^^|0|0
^2026^|^01^|^497593^|^015^|^08^|^CD^|^6212^|^FAH^|^19^|^10^|^2^|^001^|^Edukasi Dalam Rangka Penyusunan Laporan Keuangan Tingkat Kuasa BUN^|0|^^|0|^^|^^|4|0|^00^|^^|0|0
^2026^|^01^|^497593^|^015^|^08^|^CD^|^6212^|^FAL^|^19^|^10^|^2^|^004^|^Konsultasi Pencairan Dana^|0|^^|0|^^|^^|10|0|^00^|^^|0|0
^2026^|^01^|^497593^|^015^|^08^|^CD^|^6213^|^FAC^|^19^|^10^|^2^|^001^|^Monev Pengembangan Kompetensi KPA, PPK, PPSPM, Bendahara dan Pengelola Perbendaharaan^|0|^^|0|^^|^^|10|0|^00^|^^|0|0
^2026^|^01^|^497593^|^015^|^08^|^CD^|^6214^|^FAL^|^19^|^10^|^2^|^002^|^Surat Perintah Pencairan/Penarikan/Repayment/Pengesahan Dana^|0|^^|0|^^|^^|408|0|^00^|^^|0|0
^2026^|^01^|^497593^|^015^|^08^|^CD^|^6215^|^FAH^|^19^|^10^|^2^|^003^|^Laporan Keuangan BUN^|0|^^|0|^^|^^|4|0|^00^|^^|0|0
^2026^|^01^|^497593^|^015^|^08^|^WA^|^4715^|^EBA^|^19^|^10^|^2^|^001^|^Kerumahtanggaan^|0|^^|0|^^|^^|12|0|^00^|^^|0|0
^2026^|^01^|^497593^|^015^|^08^|^WA^|^4715^|^EBA^|^19^|^10^|^2^|^002^|^Dukungan Pimpinan dan Keprotokoleran^|0|^^|0|^^|^^|12|0|^00^|^^|0|0
^2026^|^01^|^497593^|^015^|^08^|^WA^|^4715^|^EBA^|^19^|^10^|^2^|^994^|^Layanan Perkantoran^|0|^^|0|^^|^^|12|0|^00^|^^|0|0
^2026^|^01^|^497593^|^015^|^08^|^WA^|^4715^|^EBD^|^19^|^10^|^2^|^Z36^|^Dokumen Pengelolaan Kinerja Organisasi^|0|^^|0|^^|^^|2|0|^00^|^^|0|0
^2026^|^01^|^497593^|^015^|^08^|^WA^|^4718^|^BMB^|^19^|^10^|^2^|^001^|^Pembinaan/Edukasi Publik^|0|^^|0|^^|^^|2|0|^00^|^^|0|0
^2026^|^01^|^497593^|^015^|^08^|^WA^|^4718^|^BMB^|^19^|^10^|^2^|^002^|^Kehumasan^|0|^^|0|^^|^^|1|0|^00^|^^|0|0
^2026^|^01^|^497593^|^015^|^08^|^WA^|^4719^|^EBA^|^19^|^10^|^2^|^004^|^Hasil Survey/Rekomendasi Kepuasan Pengguna Layanan^|0|^^|0|^^|^^|2|0|^00^|^^|0|0
^2026^|^01^|^497593^|^015^|^08^|^WA^|^4719^|^EBA^|^19^|^10^|^2^|^994^|^Layanan Perkantoran^|0|^^|0|^^|^^|12|0|^00^|^^|0|0
^2026^|^01^|^497593^|^015^|^08^|^WA^|^4719^|^EBC^|^19^|^10^|^2^|^001^|^Pengembangan SDM^|0|^^|0|^^|^^|11|0|^00^|^^|0|0
^2026^|^01^|^497607^|^015^|^08^|^CD^|^6212^|^BMB^|^17^|^53^|^2^|^001^|^Dukungan Pemberdayaan UMKM untuk Inklusi Pemanfaatan Digipay^|0|^^|0|^^|^^|2|0|^00^|^^|0|0
^2026^|^01^|^497607^|^015^|^08^|^CD^|^6212^|^FAC^|^17^|^53^|^2^|^001^|^Komunikasi dan Edukasi Implementasi Aplikasi^|0|^^|0|^^|^^|124|0|^00^|^^|0|0
^2026^|^01^|^497607^|^015^|^08^|^CD^|^6212^|^FAH^|^17^|^53^|^2^|^001^|^Edukasi Dalam Rangka Penyusunan Laporan Keuangan Tingkat Kuasa BUN^|0|^^|0|^^|^^|8|0|^00^|^^|0|0
^2026^|^01^|^497607^|^015^|^08^|^CD^|^6212^|^FAL^|^17^|^53^|^2^|^004^|^Konsultasi Pencairan Dana^|0|^^|0|^^|^^|17|0|^00^|^^|0|0
^2026^|^01^|^497607^|^015^|^08^|^CD^|^6213^|^FAC^|^17^|^53^|^2^|^001^|^Monev Pengembangan Kompetensi KPA, PPK, PPSPM, Bendahara dan Pengelola Perbendaharaan^|0|^^|0|^^|^^|17|0|^00^|^^|0|0
^2026^|^01^|^497607^|^015^|^08^|^CD^|^6213^|^FAE^|^17^|^53^|^2^|^009^|^Rekomendasi atas Kinerja Investasi Pemerintah^|0|^^|0|^^|^^|4|0|^00^|^^|0|0
^2026^|^01^|^497607^|^015^|^08^|^CD^|^6213^|^FAL^|^17^|^53^|^2^|^003^|^Reviu Belanja Pemerintah^|0|^^|0|^^|^^|2|0|^00^|^^|0|0
^2026^|^01^|^497607^|^015^|^08^|^CD^|^6214^|^FAL^|^17^|^53^|^2^|^002^|^Surat Perintah Pencairan/Penarikan/Repayment/Pengesahan Dana^|0|^^|0|^^|^^|2856|0|^00^|^^|0|0
^2026^|^01^|^497607^|^015^|^08^|^CD^|^6215^|^FAH^|^17^|^53^|^2^|^003^|^Laporan Keuangan BUN^|0|^^|0|^^|^^|8|0|^00^|^^|0|0
^2026^|^01^|^497607^|^015^|^08^|^WA^|^4715^|^EBA^|^17^|^53^|^2^|^001^|^Kerumahtanggaan^|0|^^|0|^^|^^|12|0|^00^|^^|0|0
^2026^|^01^|^497607^|^015^|^08^|^WA^|^4715^|^EBA^|^17^|^53^|^2^|^002^|^Dukungan Pimpinan dan Keprotokoleran^|0|^^|0|^^|^^|12|0|^00^|^^|0|0
^2026^|^01^|^497607^|^015^|^08^|^WA^|^4715^|^EBA^|^17^|^53^|^2^|^994^|^Layanan Perkantoran^|0|^^|0|^^|^^|12|0|^00^|^^|0|0
^2026^|^01^|^497607^|^015^|^08^|^WA^|^4715^|^EBD^|^17^|^53^|^2^|^Z36^|^Dokumen Pengelolaan Kinerja Organisasi^|0|^^|0|^^|^^|4|0|^00^|^^|0|0
^2026^|^01^|^497607^|^015^|^08^|^WA^|^4718^|^BMB^|^17^|^53^|^2^|^001^|^Pembinaan/Edukasi Publik^|0|^^|0|^^|^^|4|0|^00^|^^|0|0
^2026^|^01^|^497607^|^015^|^08^|^WA^|^4718^|^BMB^|^17^|^53^|^2^|^002^|^Kehumasan^|0|^^|0|^^|^^|2|0|^00^|^^|0|0
^2026^|^01^|^497607^|^015^|^08^|^WA^|^4719^|^EBA^|^17^|^53^|^2^|^004^|^Hasil Survey/Rekomendasi Kepuasan Pengguna Layanan^|0|^^|0|^^|^^|4|0|^00^|^^|0|0
^2026^|^01^|^497607^|^015^|^08^|^WA^|^4719^|^EBA^|^17^|^53^|^2^|^994^|^Layanan Perkantoran^|0|^^|0|^^|^^|12|0|^00^|^^|0|0
^2026^|^01^|^497607^|^015^|^08^|^WA^|^4719^|^EBC^|^17^|^53^|^2^|^001^|^Pengembangan SDM^|0|^^|0|^^|^^|25|0|^00^|^^|0|0
^2026^|^01^|^527027^|^015^|^08^|^CD^|^6212^|^BMB^|^01^|^55^|^2^|^001^|^Dukungan Pemberdayaan UMKM untuk Inklusi Pemanfaatan Digipay^|0|^^|0|^^|^^|1|0|^00^|^^|0|0
^2026^|^01^|^527027^|^015^|^08^|^CD^|^6212^|^FAC^|^01^|^55^|^2^|^002^|^Bimbingan Teknis Pengelola Keuangan BLU^|0|^^|0|^^|^^|161|0|^00^|^^|0|0
^2026^|^01^|^527027^|^015^|^08^|^CD^|^6212^|^FAH^|^01^|^55^|^2^|^003^|^Komunikasi dan Edukasi Penyusunan LKKL dan LKBUN^|0|^^|0|^^|^^|7|0|^00^|^^|0|0
^2026^|^01^|^527027^|^015^|^08^|^CD^|^6212^|^FAH^|^01^|^55^|^2^|^002^|^Komunikasi dan Edukasi Dalam Rangka Penyusunan Government Financial Statistic (GFS)^|0|^^|0|^^|^^|7|0|^00^|^^|0|0
^2026^|^01^|^527027^|^015^|^08^|^CD^|^6212^|^FAL^|^01^|^55^|^2^|^001^|^Pembinaan Pelaksanaan Anggaran^|0|^^|0|^^|^^|8|0|^00^|^^|0|0
^2026^|^01^|^527027^|^015^|^08^|^CD^|^6213^|^ABA^|^01^|^55^|^2^|^001^|^Kajian atas Peluang Investasi dan Pinjaman Daerah^|0|^^|0|^^|^^|2|0|^00^|^^|0|0
^2026^|^01^|^527027^|^015^|^08^|^CD^|^6213^|^FAE^|^01^|^55^|^2^|^008^|^ALCo Regional^|0|^^|0|^^|^^|2|0|^00^|^^|0|0
^2026^|^01^|^527027^|^015^|^08^|^CD^|^6213^|^FAE^|^01^|^55^|^2^|^009^|^Rekomendasi atas Kinerja Investasi Pemerintah^|0|^^|0|^^|^^|2|0|^00^|^^|0|0
^2026^|^01^|^527027^|^015^|^08^|^CD^|^6213^|^FAL^|^01^|^55^|^2^|^003^|^Reviu Belanja Pemerintah^|0|^^|0|^^|^^|4|0|^00^|^^|0|0
^2026^|^01^|^527027^|^015^|^08^|^CD^|^6215^|^FAH^|^01^|^55^|^2^|^003^|^Laporan Keuangan BUN^|0|^^|0|^^|^^|4|0|^00^|^^|0|0
^2026^|^01^|^527027^|^015^|^08^|^CD^|^6215^|^FAH^|^01^|^55^|^2^|^001^|^Government Financial Statistic (GFS)^|0|^^|0|^^|^^|4|0|^00^|^^|0|0
^2026^|^01^|^527027^|^015^|^08^|^WA^|^4715^|^EBA^|^01^|^55^|^2^|^001^|^Kerumahtanggaan^|0|^^|0|^^|^^|12|0|^00^|^^|0|0
^2026^|^01^|^527027^|^015^|^08^|^WA^|^4715^|^EBA^|^01^|^55^|^2^|^002^|^Dukungan Pimpinan dan Keprotokoleran^|0|^^|0|^^|^^|12|0|^00^|^^|0|0
^2026^|^01^|^527027^|^015^|^08^|^WA^|^4715^|^EBA^|^01^|^55^|^2^|^994^|^Layanan Perkantoran^|0|^^|0|^^|^^|12|0|^00^|^^|0|0
^2026^|^01^|^527027^|^015^|^08^|^WA^|^4715^|^EBD^|^01^|^55^|^2^|^Z36^|^Dokumen Pengelolaan Kinerja Organisasi^|0|^^|0|^^|^^|4|0|^00^|^^|0|0
^2026^|^01^|^527027^|^015^|^08^|^WA^|^4715^|^EBD^|^01^|^55^|^2^|^Z26^|^Laporan Keuangan Unit^|0|^^|0|^^|^^|2|0|^00^|^^|0|0
^2026^|^01^|^527027^|^015^|^08^|^WA^|^4718^|^BMB^|^01^|^55^|^2^|^002^|^Kehumasan^|0|^^|0|^^|^^|4|0|^00^|^^|0|0
^2026^|^01^|^527027^|^015^|^08^|^WA^|^4718^|^BMB^|^01^|^55^|^2^|^001^|^Pembinaan/Edukasi Publik^|0|^^|0|^^|^^|2|0|^00^|^^|0|0
^2026^|^01^|^527027^|^015^|^08^|^WA^|^4719^|^EBA^|^01^|^55^|^2^|^003^|^Rekomendasi Pengelolaan Organisasi^|0|^^|0|^^|^^|21|0|^00^|^^|0|0
^2026^|^01^|^527027^|^015^|^08^|^WA^|^4719^|^EBA^|^01^|^55^|^2^|^005^|^Standar Mutu Layanan - ISO Mutu Layanan^|0|^^|0|^^|^^|22|0|^00^|^^|0|0
^2026^|^01^|^527027^|^015^|^08^|^WA^|^4719^|^EBA^|^01^|^55^|^2^|^994^|^Layanan Perkantoran^|0|^^|0|^^|^^|12|0|^00^|^^|0|0
^2026^|^01^|^527027^|^015^|^08^|^WA^|^4719^|^EBC^|^01^|^55^|^2^|^001^|^Pengembangan SDM^|0|^^|0|^^|^^|72|0|^00^|^^|0|0
^2026^|^01^|^527027^|^015^|^08^|^WA^|^4722^|^EBD^|^01^|^55^|^2^|^001^|^Rekomendasi Penerapan Pengelolaan Risiko, Pengendalian dan Pengawasan Internal^|0|^^|0|^^|^^|2|0|^00^|^^|0|0
^2026^|^01^|^497622^|^015^|^08^|^CD^|^6212^|^BMB^|^31^|^03^|^2^|^001^|^Dukungan Pemberdayaan UMKM untuk Inklusi Pemanfaatan Digipay^|0|^^|0|^^|^^|1|0|^00^|^^|0|0
^2026^|^01^|^497622^|^015^|^08^|^CD^|^6212^|^FAC^|^31^|^03^|^2^|^001^|^Komunikasi dan Edukasi Implementasi Aplikasi^|0|^^|0|^^|^^|23|0|^00^|^^|0|0
^2026^|^01^|^497622^|^015^|^08^|^CD^|^6212^|^FAH^|^31^|^03^|^2^|^001^|^Edukasi Dalam Rangka Penyusunan Laporan Keuangan Tingkat Kuasa BUN^|0|^^|0|^^|^^|4|0|^00^|^^|0|0
^2026^|^01^|^497622^|^015^|^08^|^CD^|^6212^|^FAL^|^31^|^03^|^2^|^004^|^Konsultasi Pencairan Dana^|0|^^|0|^^|^^|8|0|^00^|^^|0|0
^2026^|^01^|^497622^|^015^|^08^|^CD^|^6213^|^FAC^|^31^|^03^|^2^|^001^|^Monev Pengembangan Kompetensi KPA, PPK, PPSPM, Bendahara dan Pengelola Perbendaharaan^|0|^^|0|^^|^^|8|0|^00^|^^|0|0
^2026^|^01^|^497622^|^015^|^08^|^CD^|^6213^|^FAE^|^31^|^03^|^2^|^009^|^Rekomendasi atas Kinerja Investasi Pemerintah^|0|^^|0|^^|^^|2|0|^00^|^^|0|0
^2026^|^01^|^497622^|^015^|^08^|^CD^|^6213^|^FAL^|^31^|^03^|^2^|^003^|^Reviu Belanja Pemerintah^|0|^^|0|^^|^^|1|0|^00^|^^|0|0
^2026^|^01^|^497622^|^015^|^08^|^CD^|^6214^|^FAL^|^31^|^03^|^2^|^002^|^Surat Perintah Pencairan/Penarikan/Repayment/Pengesahan Dana^|0|^^|0|^^|^^|1008|0|^00^|^^|0|0
^2026^|^01^|^497622^|^015^|^08^|^CD^|^6215^|^FAH^|^31^|^03^|^2^|^003^|^Laporan Keuangan BUN^|0|^^|0|^^|^^|4|0|^00^|^^|0|0
^2026^|^01^|^497622^|^015^|^08^|^WA^|^4715^|^EBA^|^31^|^03^|^2^|^001^|^Kerumahtanggaan^|0|^^|0|^^|^^|12|0|^00^|^^|0|0
^2026^|^01^|^497622^|^015^|^08^|^WA^|^4715^|^EBA^|^31^|^03^|^2^|^002^|^Dukungan Pimpinan dan Keprotokoleran^|0|^^|0|^^|^^|12|0|^00^|^^|0|0
^2026^|^01^|^497622^|^015^|^08^|^WA^|^4715^|^EBA^|^31^|^03^|^2^|^994^|^Layanan Perkantoran^|0|^^|0|^^|^^|12|0|^00^|^^|0|0
^2026^|^01^|^497622^|^015^|^08^|^WA^|^4715^|^EBD^|^31^|^03^|^2^|^Z36^|^Dokumen Pengelolaan Kinerja Organisasi^|0|^^|0|^^|^^|2|0|^00^|^^|0|0
^2026^|^01^|^497622^|^015^|^08^|^WA^|^4718^|^BMB^|^31^|^03^|^2^|^001^|^Pembinaan/Edukasi Publik^|0|^^|0|^^|^^|2|0|^00^|^^|0|0
^2026^|^01^|^497622^|^015^|^08^|^WA^|^4718^|^BMB^|^31^|^03^|^2^|^002^|^Kehumasan^|0|^^|0|^^|^^|1|0|^00^|^^|0|0
^2026^|^01^|^497622^|^015^|^08^|^WA^|^4719^|^EBA^|^31^|^03^|^2^|^004^|^Hasil Survey/Rekomendasi Kepuasan Pengguna Layanan^|0|^^|0|^^|^^|2|0|^00^|^^|0|0
^2026^|^01^|^497622^|^015^|^08^|^WA^|^4719^|^EBA^|^31^|^03^|^2^|^994^|^Layanan Perkantoran^|0|^^|0|^^|^^|12|0|^00^|^^|0|0
^2026^|^01^|^497622^|^015^|^08^|^WA^|^4719^|^EBC^|^31^|^03^|^2^|^001^|^Pengembangan SDM^|0|^^|0|^^|^^|13|0|^00^|^^|0|0
^2026^|^01^|^527052^|^015^|^08^|^CD^|^6212^|^BMB^|^01^|^55^|^2^|^001^|^Dukungan Pemberdayaan UMKM untuk Inklusi Pemanfaatan Digipay^|0|^^|0|^^|^^|1|0|^00^|^^|0|0
^2026^|^01^|^527052^|^015^|^08^|^CD^|^6212^|^FAC^|^01^|^55^|^2^|^001^|^Komunikasi dan Edukasi Implementasi Aplikasi^|0|^^|0|^^|^^|261|0|^00^|^^|0|0
^2026^|^01^|^527052^|^015^|^08^|^CD^|^6212^|^FAH^|^01^|^55^|^2^|^001^|^Edukasi Dalam Rangka Penyusunan Laporan Keuangan Tingkat Kuasa BUN^|0|^^|0|^^|^^|4|0|^00^|^^|0|0
^2026^|^01^|^527052^|^015^|^08^|^CD^|^6212^|^FAL^|^01^|^55^|^2^|^004^|^Konsultasi Pencairan Dana^|0|^^|0|^^|^^|9|0|^00^|^^|0|0
^2026^|^01^|^527052^|^015^|^08^|^CD^|^6213^|^FAC^|^01^|^55^|^2^|^001^|^Monev Pengembangan Kompetensi KPA, PPK, PPSPM, Bendahara dan Pengelola Perbendaharaan^|0|^^|0|^^|^^|9|0|^00^|^^|0|0
^2026^|^01^|^527052^|^015^|^08^|^CD^|^6215^|^FAH^|^01^|^55^|^2^|^003^|^Laporan Keuangan BUN^|0|^^|0|^^|^^|4|0|^00^|^^|0|0
^2026^|^01^|^527052^|^015^|^08^|^CD^|^6213^|^FAE^|^01^|^55^|^2^|^009^|^Rekomendasi atas Kinerja Investasi Pemerintah^|0|^^|0|^^|^^|2|0|^00^|^^|0|0
^2026^|^01^|^527052^|^015^|^08^|^CD^|^6213^|^FAL^|^01^|^55^|^2^|^003^|^Reviu Belanja Pemerintah^|0|^^|0|^^|^^|1|0|^00^|^^|0|0
^2026^|^01^|^527052^|^015^|^08^|^CD^|^6214^|^FAL^|^01^|^55^|^2^|^002^|^Surat Perintah Pencairan/Penarikan/Repayment/Pengesahan Dana^|0|^^|0|^^|^^|6264|0|^00^|^^|0|0
^2026^|^01^|^527052^|^015^|^08^|^WA^|^4719^|^EBA^|^01^|^55^|^2^|^004^|^Hasil Survey/Rekomendasi Kepuasan Pengguna Layanan^|0|^^|0|^^|^^|2|0|^00^|^^|0|0
^2026^|^01^|^527052^|^015^|^08^|^WA^|^4719^|^EBA^|^01^|^55^|^2^|^994^|^Layanan Perkantoran^|0|^^|0|^^|^^|12|0|^00^|^^|0|0
^2026^|^01^|^527052^|^015^|^08^|^WA^|^4715^|^EBA^|^01^|^55^|^2^|^001^|^Kerumahtanggaan^|0|^^|0|^^|^^|12|0|^00^|^^|0|0
^2026^|^01^|^527052^|^015^|^08^|^WA^|^4715^|^EBA^|^01^|^55^|^2^|^002^|^Dukungan Pimpinan dan Keprotokoleran^|0|^^|0|^^|^^|12|0|^00^|^^|0|0
^2026^|^01^|^527052^|^015^|^08^|^WA^|^4715^|^EBA^|^01^|^55^|^2^|^994^|^Layanan Perkantoran^|0|^^|0|^^|^^|12|0|^00^|^^|0|0
^2026^|^01^|^527052^|^015^|^08^|^WA^|^4718^|^BMB^|^01^|^55^|^2^|^001^|^Pembinaan/Edukasi Publik^|0|^^|0|^^|^^|2|0|^00^|^^|0|0
^2026^|^01^|^527052^|^015^|^08^|^WA^|^4718^|^BMB^|^01^|^55^|^2^|^002^|^Kehumasan^|0|^^|0|^^|^^|1|0|^00^|^^|0|0
^2026^|^01^|^527052^|^015^|^08^|^WA^|^4719^|^EBC^|^01^|^55^|^2^|^001^|^Pengembangan SDM^|0|^^|0|^^|^^|41|0|^00^|^^|0|0
^2026^|^01^|^527102^|^015^|^08^|^CD^|^6212^|^BMB^|^02^|^51^|^2^|^001^|^Dukungan Pemberdayaan UMKM untuk Inklusi Pemanfaatan Digipay^|0|^^|0|^^|^^|1|0|^00^|^^|0|0
^2026^|^01^|^527102^|^015^|^08^|^CD^|^6212^|^FAC^|^02^|^51^|^2^|^001^|^Komunikasi dan Edukasi Implementasi Aplikasi^|0|^^|0|^^|^^|92|0|^00^|^^|0|0
^2026^|^01^|^527102^|^015^|^08^|^CD^|^6212^|^FAH^|^02^|^51^|^2^|^001^|^Edukasi Dalam Rangka Penyusunan Laporan Keuangan Tingkat Kuasa BUN^|0|^^|0|^^|^^|4|0|^00^|^^|0|0
^2026^|^01^|^527102^|^015^|^08^|^CD^|^6212^|^FAL^|^02^|^51^|^2^|^004^|^Konsultasi Pencairan Dana^|0|^^|0|^^|^^|9|0|^00^|^^|0|0
^2026^|^01^|^527102^|^015^|^08^|^CD^|^6213^|^FAC^|^02^|^51^|^2^|^001^|^Monev Pengembangan Kompetensi KPA, PPK, PPSPM, Bendahara dan Pengelola Perbendaharaan^|0|^^|0|^^|^^|9|0|^00^|^^|0|0
^2026^|^01^|^527102^|^015^|^08^|^CD^|^6213^|^FAE^|^02^|^51^|^2^|^009^|^Rekomendasi atas Kinerja Investasi Pemerintah^|0|^^|0|^^|^^|2|0|^00^|^^|0|0
^2026^|^01^|^527102^|^015^|^08^|^CD^|^6213^|^FAL^|^02^|^51^|^2^|^003^|^Reviu Belanja Pemerintah^|0|^^|0|^^|^^|1|0|^00^|^^|0|0
^2026^|^01^|^527102^|^015^|^08^|^CD^|^6214^|^FAL^|^02^|^51^|^2^|^002^|^Surat Perintah Pencairan/Penarikan/Repayment/Pengesahan Dana^|0|^^|0|^^|^^|4272|0|^00^|^^|0|0
^2026^|^01^|^527102^|^015^|^08^|^CD^|^6215^|^FAH^|^02^|^51^|^2^|^003^|^Laporan Keuangan BUN^|0|^^|0|^^|^^|4|0|^00^|^^|0|0
^2026^|^01^|^527102^|^015^|^08^|^WA^|^4715^|^EBA^|^02^|^51^|^2^|^001^|^Kerumahtanggaan^|0|^^|0|^^|^^|12|0|^00^|^^|0|0
^2026^|^01^|^527102^|^015^|^08^|^WA^|^4715^|^EBA^|^02^|^51^|^2^|^002^|^Dukungan Pimpinan dan Keprotokoleran^|0|^^|0|^^|^^|1|0|^00^|^^|0|0
^2026^|^01^|^527102^|^015^|^08^|^WA^|^4715^|^EBA^|^02^|^51^|^2^|^994^|^Layanan Perkantoran^|0|^^|0|^^|^^|12|0|^00^|^^|0|0
^2026^|^01^|^527102^|^015^|^08^|^WA^|^4715^|^EBD^|^02^|^51^|^2^|^Z36^|^Dokumen Pengelolaan Kinerja Organisasi^|0|^^|0|^^|^^|2|0|^00^|^^|0|0
^2026^|^01^|^527102^|^015^|^08^|^WA^|^4718^|^BMB^|^02^|^51^|^2^|^001^|^Pembinaan/Edukasi Publik^|0|^^|0|^^|^^|2|0|^00^|^^|0|0
^2026^|^01^|^527102^|^015^|^08^|^WA^|^4718^|^BMB^|^02^|^51^|^2^|^002^|^Kehumasan^|0|^^|0|^^|^^|1|0|^00^|^^|0|0
^2026^|^01^|^527102^|^015^|^08^|^WA^|^4719^|^EBA^|^02^|^51^|^2^|^004^|^Hasil Survey/Rekomendasi Kepuasan Pengguna Layanan^|0|^^|0|^^|^^|2|0|^00^|^^|0|0
^2026^|^01^|^527102^|^015^|^08^|^WA^|^4719^|^EBA^|^02^|^51^|^2^|^994^|^Layanan Perkantoran^|0|^^|0|^^|^^|12|0|^00^|^^|0|0
^2026^|^01^|^527102^|^015^|^08^|^WA^|^4719^|^EBC^|^02^|^51^|^2^|^001^|^Pengembangan SDM^|0|^^|0|^^|^^|24|0|^00^|^^|0|0
^2026^|^01^|^527048^|^015^|^08^|^CD^|^6212^|^BMB^|^01^|^51^|^2^|^001^|^Dukungan Pemberdayaan UMKM untuk Inklusi Pemanfaatan Digipay^|0|^^|0|^^|^^|1|0|^00^|^^|0|0
^2026^|^01^|^527048^|^015^|^08^|^CD^|^6212^|^FAC^|^01^|^51^|^2^|^001^|^Komunikasi dan Edukasi Implementasi Aplikasi^|0|^^|0|^^|^^|261|0|^00^|^^|0|0
^2026^|^01^|^527048^|^015^|^08^|^CD^|^6212^|^FAH^|^01^|^51^|^2^|^001^|^Edukasi Dalam Rangka Penyusunan Laporan Keuangan Tingkat Kuasa BUN^|0|^^|0|^^|^^|4|0|^00^|^^|0|0
^2026^|^01^|^527048^|^015^|^08^|^CD^|^6212^|^FAL^|^01^|^51^|^2^|^004^|^Konsultasi Pencairan Dana^|0|^^|0|^^|^^|10|0|^00^|^^|0|0
^2026^|^01^|^527048^|^015^|^08^|^CD^|^6213^|^FAC^|^01^|^51^|^2^|^001^|^Monev Pengembangan Kompetensi KPA, PPK, PPSPM, Bendahara dan Pengelola Perbendaharaan^|0|^^|0|^^|^^|10|0|^00^|^^|0|0
^2026^|^01^|^527048^|^015^|^08^|^CD^|^6213^|^FAE^|^01^|^51^|^2^|^009^|^Rekomendasi atas Kinerja Investasi Pemerintah^|0|^^|0|^^|^^|2|0|^00^|^^|0|0
^2026^|^01^|^527048^|^015^|^08^|^CD^|^6213^|^FAL^|^01^|^51^|^2^|^003^|^Reviu Belanja Pemerintah^|0|^^|0|^^|^^|1|0|^00^|^^|0|0
^2026^|^01^|^527048^|^015^|^08^|^CD^|^6214^|^FAL^|^01^|^51^|^2^|^002^|^Surat Perintah Pencairan/Penarikan/Repayment/Pengesahan Dana^|0|^^|0|^^|^^|6264|0|^00^|^^|0|0
^2026^|^01^|^527048^|^015^|^08^|^CD^|^6215^|^FAH^|^01^|^51^|^2^|^003^|^Laporan Keuangan BUN^|0|^^|0|^^|^^|4|0|^00^|^^|0|0
^2026^|^01^|^527048^|^015^|^08^|^WA^|^4715^|^EBA^|^01^|^51^|^2^|^001^|^Kerumahtanggaan^|0|^^|0|^^|^^|12|0|^00^|^^|0|0
^2026^|^01^|^527048^|^015^|^08^|^WA^|^4715^|^EBA^|^01^|^51^|^2^|^002^|^Dukungan Pimpinan dan Keprotokoleran^|0|^^|0|^^|^^|12|0|^00^|^^|0|0
^2026^|^01^|^527048^|^015^|^08^|^WA^|^4715^|^EBA^|^01^|^51^|^2^|^994^|^Layanan Perkantoran^|0|^^|0|^^|^^|12|0|^00^|^^|0|0
^2026^|^01^|^527048^|^015^|^08^|^WA^|^4715^|^EBD^|^01^|^51^|^2^|^Z36^|^Dokumen Pengelolaan Kinerja Organisasi^|0|^^|0|^^|^^|2|0|^00^|^^|0|0
^2026^|^01^|^527048^|^015^|^08^|^WA^|^4718^|^BMB^|^01^|^51^|^2^|^001^|^Pembinaan/Edukasi Publik^|0|^^|0|^^|^^|2|0|^00^|^^|0|0
^2026^|^01^|^527048^|^015^|^08^|^WA^|^4718^|^BMB^|^01^|^51^|^2^|^002^|^Kehumasan^|0|^^|0|^^|^^|1|0|^00^|^^|0|0
^2026^|^01^|^527048^|^015^|^08^|^WA^|^4719^|^EBA^|^01^|^51^|^2^|^004^|^Hasil Survey/Rekomendasi Kepuasan Pengguna Layanan^|0|^^|0|^^|^^|2|0|^00^|^^|0|0
^2026^|^01^|^527048^|^015^|^08^|^WA^|^4719^|^EBA^|^01^|^51^|^2^|^994^|^Layanan Perkantoran^|0|^^|0|^^|^^|12|0|^00^|^^|0|0
^2026^|^01^|^527048^|^015^|^08^|^WA^|^4719^|^EBC^|^01^|^51^|^2^|^001^|^Pengembangan SDM^|0|^^|0|^^|^^|53|0|^00^|^^|0|0
^2026^|^01^|^527031^|^015^|^08^|^CD^|^6212^|^BMB^|^01^|^51^|^2^|^001^|^Dukungan Pemberdayaan UMKM untuk Inklusi Pemanfaatan Digipay^|0|^^|0|^^|^^|1|0|^00^|^^|0|0
^2026^|^01^|^527031^|^015^|^08^|^CD^|^6212^|^FAC^|^01^|^51^|^2^|^001^|^Komunikasi dan Edukasi Implementasi Aplikasi^|0|^^|0|^^|^^|200|0|^00^|^^|0|0
^2026^|^01^|^527031^|^015^|^08^|^CD^|^6212^|^FAH^|^01^|^51^|^2^|^001^|^Edukasi Dalam Rangka Penyusunan Laporan Keuangan Tingkat Kuasa BUN^|0|^^|0|^^|^^|3|0|^00^|^^|0|0
^2026^|^01^|^527031^|^015^|^08^|^CD^|^6212^|^FAL^|^01^|^51^|^2^|^004^|^Konsultasi Pencairan Dana^|0|^^|0|^^|^^|8|0|^00^|^^|0|0
^2026^|^01^|^527031^|^015^|^08^|^CD^|^6213^|^FAC^|^01^|^51^|^2^|^001^|^Monev Pengembangan Kompetensi KPA, PPK, PPSPM, Bendahara dan Pengelola Perbendaharaan^|0|^^|0|^^|^^|30|0|^00^|^^|0|0
^2026^|^01^|^527031^|^015^|^08^|^CD^|^6213^|^FAE^|^01^|^51^|^2^|^009^|^Rekomendasi atas Kinerja Investasi Pemerintah^|0|^^|0|^^|^^|2|0|^00^|^^|0|0
^2026^|^01^|^527031^|^015^|^08^|^CD^|^6213^|^FAL^|^01^|^51^|^2^|^003^|^Reviu Belanja Pemerintah^|0|^^|0|^^|^^|1|0|^00^|^^|0|0
^2026^|^01^|^527031^|^015^|^08^|^CD^|^6214^|^FAL^|^01^|^51^|^2^|^002^|^Surat Perintah Pencairan/Penarikan/Repayment/Pengesahan Dana^|0|^^|0|^^|^^|5265|0|^00^|^^|0|0
^2026^|^01^|^527031^|^015^|^08^|^CD^|^6215^|^FAH^|^01^|^51^|^2^|^003^|^Laporan Keuangan BUN^|0|^^|0|^^|^^|3|0|^00^|^^|0|0
^2026^|^01^|^527031^|^015^|^08^|^WA^|^4715^|^EBA^|^01^|^51^|^2^|^001^|^Kerumahtanggaan^|0|^^|0|^^|^^|12|0|^00^|^^|0|0
^2026^|^01^|^527031^|^015^|^08^|^WA^|^4715^|^EBA^|^01^|^51^|^2^|^002^|^Dukungan Pimpinan dan Keprotokoleran^|0|^^|0|^^|^^|12|0|^00^|^^|0|0
^2026^|^01^|^527031^|^015^|^08^|^WA^|^4715^|^EBA^|^01^|^51^|^2^|^994^|^Layanan Perkantoran^|0|^^|0|^^|^^|12|0|^00^|^^|0|0
^2026^|^01^|^527031^|^015^|^08^|^WA^|^4715^|^EBD^|^01^|^51^|^2^|^Z36^|^Dokumen Pengelolaan Kinerja Organisasi^|0|^^|0|^^|^^|2|0|^00^|^^|0|0
^2026^|^01^|^527031^|^015^|^08^|^WA^|^4719^|^EBA^|^01^|^51^|^2^|^004^|^Hasil Survey/Rekomendasi Kepuasan Pengguna Layanan^|0|^^|0|^^|^^|2|0|^00^|^^|0|0
^2026^|^01^|^527031^|^015^|^08^|^WA^|^4719^|^EBA^|^01^|^51^|^2^|^994^|^Layanan Perkantoran^|0|^^|0|^^|^^|12|0|^00^|^^|0|0
^2026^|^01^|^527031^|^015^|^08^|^WA^|^4719^|^EBC^|^01^|^51^|^2^|^001^|^Pengembangan SDM^|0|^^|0|^^|^^|39|0|^00^|^^|0|0
^2026^|^01^|^527031^|^015^|^08^|^WA^|^4718^|^BMB^|^01^|^51^|^2^|^001^|^Pembinaan/Edukasi Publik^|0|^^|0|^^|^^|2|0|^00^|^^|0|0
^2026^|^01^|^527031^|^015^|^08^|^WA^|^4718^|^BMB^|^01^|^51^|^2^|^002^|^Kehumasan^|0|^^|0|^^|^^|1|0|^00^|^^|0|0
^2026^|^01^|^527120^|^015^|^08^|^CD^|^6212^|^FAC^|^02^|^54^|^2^|^001^|^Komunikasi dan Edukasi Implementasi Aplikasi^|0|^^|0|^^|^^|60|0|^00^|^^|0|0
^2026^|^01^|^527120^|^015^|^08^|^CD^|^6212^|^FAH^|^02^|^54^|^2^|^001^|^Edukasi Dalam Rangka Penyusunan Laporan Keuangan Tingkat Kuasa BUN^|0|^^|0|^^|^^|4|0|^00^|^^|0|0
^2026^|^01^|^527120^|^015^|^08^|^CD^|^6212^|^FAL^|^02^|^54^|^2^|^004^|^Konsultasi Pencairan Dana^|0|^^|0|^^|^^|10|0|^00^|^^|0|0
^2026^|^01^|^527120^|^015^|^08^|^CD^|^6213^|^FAC^|^02^|^54^|^2^|^001^|^Monev Pengembangan Kompetensi KPA, PPK, PPSPM, Bendahara dan Pengelola Perbendaharaan^|0|^^|0|^^|^^|10|0|^00^|^^|0|0
^2026^|^01^|^527120^|^015^|^08^|^CD^|^6213^|^FAE^|^02^|^54^|^2^|^009^|^Rekomendasi atas Kinerja Investasi Pemerintah^|0|^^|0|^^|^^|2|0|^00^|^^|0|0
^2026^|^01^|^527120^|^015^|^08^|^CD^|^6213^|^FAL^|^02^|^54^|^2^|^003^|^Reviu Belanja Pemerintah^|0|^^|0|^^|^^|1|0|^00^|^^|0|0
^2026^|^01^|^527120^|^015^|^08^|^CD^|^6214^|^FAL^|^02^|^54^|^2^|^002^|^Surat Perintah Pencairan/Penarikan/Repayment/Pengesahan Dana^|0|^^|0|^^|^^|2736|0|^00^|^^|0|0
^2026^|^01^|^527120^|^015^|^08^|^CD^|^6215^|^FAH^|^02^|^54^|^2^|^003^|^Laporan Keuangan BUN^|0|^^|0|^^|^^|4|0|^00^|^^|0|0
^2026^|^01^|^527120^|^015^|^08^|^WA^|^4715^|^EBA^|^02^|^54^|^2^|^001^|^Kerumahtanggaan^|0|^^|0|^^|^^|12|0|^00^|^^|0|0
^2026^|^01^|^527120^|^015^|^08^|^WA^|^4715^|^EBA^|^02^|^54^|^2^|^002^|^Dukungan Pimpinan dan Keprotokoleran^|0|^^|0|^^|^^|12|0|^00^|^^|0|0
^2026^|^01^|^527120^|^015^|^08^|^WA^|^4715^|^EBA^|^02^|^54^|^2^|^994^|^Layanan Perkantoran^|0|^^|0|^^|^^|12|0|^00^|^^|0|0
^2026^|^01^|^527120^|^015^|^08^|^WA^|^4715^|^EBD^|^02^|^54^|^2^|^Z36^|^Dokumen Pengelolaan Kinerja Organisasi^|0|^^|0|^^|^^|2|0|^00^|^^|0|0
^2026^|^01^|^527120^|^015^|^08^|^WA^|^4718^|^BMB^|^02^|^54^|^2^|^001^|^Pembinaan/Edukasi Publik^|0|^^|0|^^|^^|2|0|^00^|^^|0|0
^2026^|^01^|^527120^|^015^|^08^|^WA^|^4718^|^BMB^|^02^|^54^|^2^|^002^|^Kehumasan^|0|^^|0|^^|^^|1|0|^00^|^^|0|0
^2026^|^01^|^527120^|^015^|^08^|^WA^|^4719^|^EBA^|^02^|^54^|^2^|^004^|^Hasil Survey/Rekomendasi Kepuasan Pengguna Layanan^|0|^^|0|^^|^^|2|0|^00^|^^|0|0
^2026^|^01^|^527120^|^015^|^08^|^WA^|^4719^|^EBA^|^02^|^54^|^2^|^994^|^Layanan Perkantoran^|0|^^|0|^^|^^|12|0|^00^|^^|0|0
^2026^|^01^|^527120^|^015^|^08^|^WA^|^4719^|^EBC^|^02^|^54^|^2^|^001^|^Pengembangan SDM^|0|^^|0|^^|^^|22|0|^00^|^^|0|0
^2026^|^01^|^527141^|^015^|^08^|^CD^|^6212^|^FAC^|^02^|^60^|^2^|^001^|^Komunikasi dan Edukasi Implementasi Aplikasi^|0|^^|0|^^|^^|79|0|^00^|^^|0|0
^2026^|^01^|^527141^|^015^|^08^|^CD^|^6212^|^FAH^|^02^|^60^|^2^|^001^|^Edukasi Dalam Rangka Penyusunan Laporan Keuangan Tingkat Kuasa BUN^|0|^^|0|^^|^^|2|0|^00^|^^|0|0
^2026^|^01^|^527141^|^015^|^08^|^CD^|^6212^|^FAL^|^02^|^60^|^2^|^004^|^Konsultasi Pencairan Dana^|0|^^|0|^^|^^|8|0|^00^|^^|0|0
^2026^|^01^|^527141^|^015^|^08^|^CD^|^6213^|^FAC^|^02^|^60^|^2^|^001^|^Monev Pengembangan Kompetensi KPA, PPK, PPSPM, Bendahara dan Pengelola Perbendaharaan^|0|^^|0|^^|^^|7|0|^00^|^^|0|0
^2026^|^01^|^527141^|^015^|^08^|^CD^|^6214^|^FAL^|^02^|^60^|^2^|^002^|^Surat Perintah Pencairan/Penarikan/Repayment/Pengesahan Dana^|0|^^|0|^^|^^|3552|0|^00^|^^|0|0
^2026^|^01^|^527141^|^015^|^08^|^CD^|^6215^|^FAH^|^02^|^60^|^2^|^003^|^Laporan Keuangan BUN^|0|^^|0|^^|^^|4|0|^00^|^^|0|0
^2026^|^01^|^527141^|^015^|^08^|^WA^|^4715^|^EBA^|^02^|^60^|^2^|^001^|^Kerumahtanggaan^|0|^^|0|^^|^^|12|0|^00^|^^|0|0
^2026^|^01^|^527141^|^015^|^08^|^WA^|^4715^|^EBA^|^02^|^60^|^2^|^002^|^Dukungan Pimpinan dan Keprotokoleran^|0|^^|0|^^|^^|12|0|^00^|^^|0|0
^2026^|^01^|^527141^|^015^|^08^|^WA^|^4715^|^EBA^|^02^|^60^|^2^|^994^|^Layanan Perkantoran^|0|^^|0|^^|^^|12|0|^00^|^^|0|0
^2026^|^01^|^527141^|^015^|^08^|^WA^|^4715^|^EBB^|^02^|^60^|^2^|^002^|^Peralatan Fasilitas Perkantoran^|0|^^|0|^^|^^|8|0|^00^|^^|0|0
^2026^|^01^|^527141^|^015^|^08^|^WA^|^4715^|^EBD^|^02^|^60^|^2^|^Z36^|^Dokumen Pengelolaan Kinerja Organisasi^|0|^^|0|^^|^^|2|0|^00^|^^|0|0
^2026^|^01^|^527141^|^015^|^08^|^WA^|^4718^|^BMB^|^02^|^60^|^2^|^001^|^Pembinaan/Edukasi Publik^|0|^^|0|^^|^^|2|0|^00^|^^|0|0
^2026^|^01^|^527141^|^015^|^08^|^WA^|^4718^|^BMB^|^02^|^60^|^2^|^002^|^Kehumasan^|0|^^|0|^^|^^|1|0|^00^|^^|0|0
^2026^|^01^|^527141^|^015^|^08^|^WA^|^4719^|^EBA^|^02^|^60^|^2^|^004^|^Hasil Survey/Rekomendasi Kepuasan Pengguna Layanan^|0|^^|0|^^|^^|2|0|^00^|^^|0|0
^2026^|^01^|^527141^|^015^|^08^|^WA^|^4719^|^EBA^|^02^|^60^|^2^|^994^|^Layanan Perkantoran^|0|^^|0|^^|^^|12|0|^00^|^^|0|0
^2026^|^01^|^527141^|^015^|^08^|^WA^|^4719^|^EBC^|^02^|^60^|^2^|^001^|^Pengembangan SDM^|0|^^|0|^^|^^|21|0|^00^|^^|0|0
^2026^|^01^|^527094^|^015^|^08^|^CD^|^6213^|^FAL^|^02^|^51^|^2^|^003^|^Reviu Belanja Pemerintah^|0|^^|0|^^|^^|4|0|^00^|^^|0|0
^2026^|^01^|^527094^|^015^|^08^|^CD^|^6215^|^FAH^|^02^|^51^|^2^|^001^|^Government Financial Statistic (GFS)^|0|^^|0|^^|^^|4|0|^00^|^^|0|0
^2026^|^01^|^527094^|^015^|^08^|^CD^|^6215^|^FAH^|^02^|^51^|^2^|^003^|^Laporan Keuangan BUN^|0|^^|0|^^|^^|4|0|^00^|^^|0|0
^2026^|^01^|^527094^|^015^|^08^|^CD^|^6216^|^FAE^|^02^|^51^|^2^|^002^|^Rekomendasi Tarif Standar Biaya Masukan^|0|^^|0|^^|^^|1|0|^00^|^^|0|0
^2026^|^01^|^527094^|^015^|^08^|^WA^|^4715^|^EBA^|^02^|^51^|^2^|^001^|^Kerumahtanggaan^|0|^^|0|^^|^^|1|0|^00^|^^|0|0
^2026^|^01^|^527094^|^015^|^08^|^WA^|^4715^|^EBA^|^02^|^51^|^2^|^002^|^Dukungan Pimpinan dan Keprotokoleran^|0|^^|0|^^|^^|1|0|^00^|^^|0|0
^2026^|^01^|^527094^|^015^|^08^|^WA^|^4715^|^EBA^|^02^|^51^|^2^|^994^|^Layanan Perkantoran^|0|^^|0|^^|^^|1|0|^00^|^^|0|0
^2026^|^01^|^527094^|^015^|^08^|^WA^|^4715^|^EBD^|^02^|^51^|^2^|^Z26^|^Laporan Keuangan Unit^|0|^^|0|^^|^^|2|0|^00^|^^|0|0
^2026^|^01^|^527094^|^015^|^08^|^WA^|^4715^|^EBD^|^02^|^51^|^2^|^Z36^|^Dokumen Pengelolaan Kinerja Organisasi^|0|^^|0|^^|^^|4|0|^00^|^^|0|0
^2026^|^01^|^527094^|^015^|^08^|^WA^|^4718^|^BMB^|^02^|^51^|^2^|^001^|^Pembinaan/Edukasi Publik^|0|^^|0|^^|^^|2|0|^00^|^^|0|0
^2026^|^01^|^527094^|^015^|^08^|^WA^|^4718^|^BMB^|^02^|^51^|^2^|^002^|^Kehumasan^|0|^^|0|^^|^^|4|0|^00^|^^|0|0
^2026^|^01^|^527094^|^015^|^08^|^CD^|^6212^|^BMB^|^02^|^51^|^2^|^001^|^Dukungan Pemberdayaan UMKM untuk Inklusi Pemanfaatan Digipay^|0|^^|0|^^|^^|1|0|^00^|^^|0|0
^2026^|^01^|^527094^|^015^|^08^|^CD^|^6212^|^FAC^|^02^|^51^|^2^|^002^|^Bimbingan Teknis Pengelola Keuangan BLU^|0|^^|0|^^|^^|2|0|^00^|^^|0|0
^2026^|^01^|^527094^|^015^|^08^|^CD^|^6212^|^FAH^|^02^|^51^|^2^|^002^|^Komunikasi dan Edukasi Dalam Rangka Penyusunan Government Financial Statistic (GFS)^|0|^^|0|^^|^^|7|0|^00^|^^|0|0
^2026^|^01^|^527094^|^015^|^08^|^CD^|^6212^|^FAH^|^02^|^51^|^2^|^003^|^Komunikasi dan Edukasi Penyusunan LKKL dan LKBUN^|0|^^|0|^^|^^|4|0|^00^|^^|0|0
^2026^|^01^|^527094^|^015^|^08^|^CD^|^6212^|^FAL^|^02^|^51^|^2^|^001^|^Pembinaan Pelaksanaan Anggaran^|0|^^|0|^^|^^|8|0|^00^|^^|0|0
^2026^|^01^|^527094^|^015^|^08^|^CD^|^6213^|^ABA^|^02^|^51^|^2^|^001^|^Kajian atas Peluang Investasi dan Pinjaman Daerah^|0|^^|0|^^|^^|2|0|^00^|^^|0|0
^2026^|^01^|^527094^|^015^|^08^|^CD^|^6213^|^FAE^|^02^|^51^|^2^|^008^|^ALCo Regional^|0|^^|0|^^|^^|2|0|^00^|^^|0|0
^2026^|^01^|^527094^|^015^|^08^|^CD^|^6213^|^FAE^|^02^|^51^|^2^|^009^|^Rekomendasi atas Kinerja Investasi Pemerintah^|0|^^|0|^^|^^|2|0|^00^|^^|0|0
^2026^|^01^|^527094^|^015^|^08^|^WA^|^4719^|^EBA^|^02^|^51^|^2^|^003^|^Rekomendasi Pengelolaan Organisasi^|0|^^|0|^^|^^|25|0|^00^|^^|0|0
^2026^|^01^|^527094^|^015^|^08^|^WA^|^4719^|^EBA^|^02^|^51^|^2^|^005^|^Standar Mutu Layanan - ISO Mutu Layanan^|0|^^|0|^^|^^|26|0|^00^|^^|0|0
^2026^|^01^|^527094^|^015^|^08^|^WA^|^4719^|^EBA^|^02^|^51^|^2^|^994^|^Layanan Perkantoran^|0|^^|0|^^|^^|12|0|^00^|^^|0|0
^2026^|^01^|^527094^|^015^|^08^|^WA^|^4719^|^EBC^|^02^|^51^|^2^|^001^|^Pengembangan SDM^|0|^^|0|^^|^^|67|0|^00^|^^|0|0
^2026^|^01^|^527094^|^015^|^08^|^WA^|^4722^|^EBD^|^02^|^51^|^2^|^001^|^Rekomendasi Penerapan Pengelolaan Risiko, Pengendalian dan Pengawasan Internal^|0|^^|0|^^|^^|2|0|^00^|^^|0|0
^2026^|^01^|^527137^|^015^|^08^|^CD^|^6212^|^FAC^|^02^|^52^|^2^|^001^|^Komunikasi dan Edukasi Implementasi Aplikasi^|0|^^|0|^^|^^|82|0|^00^|^^|0|0
^2026^|^01^|^527137^|^015^|^08^|^CD^|^6212^|^FAH^|^02^|^52^|^2^|^001^|^Edukasi Dalam Rangka Penyusunan Laporan Keuangan Tingkat Kuasa BUN^|0|^^|0|^^|^^|4|0|^00^|^^|0|0
^2026^|^01^|^527137^|^015^|^08^|^CD^|^6212^|^FAL^|^02^|^52^|^2^|^004^|^Konsultasi Pencairan Dana^|0|^^|0|^^|^^|9|0|^00^|^^|0|0
^2026^|^01^|^527137^|^015^|^08^|^CD^|^6213^|^FAC^|^02^|^52^|^2^|^001^|^Monev Pengembangan Kompetensi KPA, PPK, PPSPM, Bendahara dan Pengelola Perbendaharaan^|0|^^|0|^^|^^|9|0|^00^|^^|0|0
^2026^|^01^|^527137^|^015^|^08^|^CD^|^6213^|^FAE^|^02^|^52^|^2^|^009^|^Rekomendasi atas Kinerja Investasi Pemerintah^|0|^^|0|^^|^^|2|0|^00^|^^|0|0
^2026^|^01^|^527137^|^015^|^08^|^CD^|^6213^|^FAL^|^02^|^52^|^2^|^003^|^Reviu Belanja Pemerintah^|0|^^|0|^^|^^|1|0|^00^|^^|0|0
^2026^|^01^|^527137^|^015^|^08^|^CD^|^6214^|^FAL^|^02^|^52^|^2^|^002^|^Surat Perintah Pencairan/Penarikan/Repayment/Pengesahan Dana^|0|^^|0|^^|^^|35000|0|^00^|^^|0|0
^2026^|^01^|^527137^|^015^|^08^|^CD^|^6215^|^FAH^|^02^|^52^|^2^|^003^|^Laporan Keuangan BUN^|0|^^|0|^^|^^|4|0|^00^|^^|0|0
^2026^|^01^|^527137^|^015^|^08^|^WA^|^4715^|^EBA^|^02^|^52^|^2^|^001^|^Kerumahtanggaan^|0|^^|0|^^|^^|12|0|^00^|^^|0|0
^2026^|^01^|^527137^|^015^|^08^|^WA^|^4715^|^EBA^|^02^|^52^|^2^|^002^|^Dukungan Pimpinan dan Keprotokoleran^|0|^^|0|^^|^^|12|0|^00^|^^|0|0
^2026^|^01^|^527137^|^015^|^08^|^WA^|^4715^|^EBA^|^02^|^52^|^2^|^994^|^Layanan Perkantoran^|0|^^|0|^^|^^|12|0|^00^|^^|0|0
^2026^|^01^|^527137^|^015^|^08^|^WA^|^4715^|^EBB^|^02^|^52^|^2^|^004^|^Gedung/Bangunan^|0|^^|0|^^|^^|1476|0|^00^|^^|0|0
^2026^|^01^|^527137^|^015^|^08^|^WA^|^4715^|^EBD^|^02^|^52^|^2^|^Z36^|^Dokumen Pengelolaan Kinerja Organisasi^|0|^^|0|^^|^^|2|0|^00^|^^|0|0
^2026^|^01^|^527137^|^015^|^08^|^WA^|^4718^|^BMB^|^02^|^52^|^2^|^001^|^Pembinaan/Edukasi Publik^|0|^^|0|^^|^^|2|0|^00^|^^|0|0
^2026^|^01^|^527137^|^015^|^08^|^WA^|^4718^|^BMB^|^02^|^52^|^2^|^002^|^Kehumasan^|0|^^|0|^^|^^|1|0|^00^|^^|0|0
^2026^|^01^|^527137^|^015^|^08^|^WA^|^4719^|^EBA^|^02^|^52^|^2^|^004^|^Hasil Survey/Rekomendasi Kepuasan Pengguna Layanan^|0|^^|0|^^|^^|2|0|^00^|^^|0|0
^2026^|^01^|^527137^|^015^|^08^|^WA^|^4719^|^EBA^|^02^|^52^|^2^|^994^|^Layanan Perkantoran^|0|^^|0|^^|^^|12|0|^00^|^^|0|0
^2026^|^01^|^527137^|^015^|^08^|^WA^|^4719^|^EBC^|^02^|^52^|^2^|^001^|^Pengembangan SDM^|0|^^|0|^^|^^|26|0|^00^|^^|0|0
^2026^|^01^|^527162^|^015^|^08^|^CD^|^6212^|^FAC^|^29^|^01^|^2^|^001^|^Komunikasi dan Edukasi Implementasi Aplikasi^|0|^^|0|^^|^^|105|0|^00^|^^|0|0
^2026^|^01^|^527162^|^015^|^08^|^CD^|^6212^|^FAH^|^29^|^01^|^2^|^001^|^Edukasi Dalam Rangka Penyusunan Laporan Keuangan Tingkat Kuasa BUN^|0|^^|0|^^|^^|4|0|^00^|^^|0|0
^2026^|^01^|^527162^|^015^|^08^|^CD^|^6212^|^FAL^|^29^|^01^|^2^|^004^|^Konsultasi Pencairan Dana^|0|^^|0|^^|^^|8|0|^00^|^^|0|0
^2026^|^01^|^527162^|^015^|^08^|^CD^|^6213^|^FAC^|^29^|^01^|^2^|^001^|^Monev Pengembangan Kompetensi KPA, PPK, PPSPM, Bendahara dan Pengelola Perbendaharaan^|0|^^|0|^^|^^|8|0|^00^|^^|0|0
^2026^|^01^|^527162^|^015^|^08^|^CD^|^6213^|^FAL^|^29^|^01^|^2^|^003^|^Reviu Belanja Pemerintah^|0|^^|0|^^|^^|1|0|^00^|^^|0|0
^2026^|^01^|^527162^|^015^|^08^|^CD^|^6214^|^FAL^|^29^|^01^|^2^|^002^|^Surat Perintah Pencairan/Penarikan/Repayment/Pengesahan Dana^|0|^^|0|^^|^^|4824|0|^00^|^^|0|0
^2026^|^01^|^527162^|^015^|^08^|^CD^|^6215^|^FAH^|^29^|^01^|^2^|^003^|^Laporan Keuangan BUN^|0|^^|0|^^|^^|4|0|^00^|^^|0|0
^2026^|^01^|^527162^|^015^|^08^|^WA^|^4715^|^EBA^|^29^|^01^|^2^|^001^|^Kerumahtanggaan^|0|^^|0|^^|^^|12|0|^00^|^^|0|0
^2026^|^01^|^527162^|^015^|^08^|^WA^|^4715^|^EBA^|^29^|^01^|^2^|^002^|^Dukungan Pimpinan dan Keprotokoleran^|0|^^|0|^^|^^|12|0|^00^|^^|0|0
^2026^|^01^|^527162^|^015^|^08^|^WA^|^4715^|^EBA^|^29^|^01^|^2^|^994^|^Layanan Perkantoran^|0|^^|0|^^|^^|12|0|^00^|^^|0|0
^2026^|^01^|^527162^|^015^|^08^|^WA^|^4715^|^EBB^|^29^|^01^|^2^|^002^|^Peralatan Fasilitas Perkantoran^|0|^^|0|^^|^^|6|0|^00^|^^|0|0
^2026^|^01^|^527162^|^015^|^08^|^WA^|^4718^|^BMB^|^29^|^01^|^2^|^002^|^Kehumasan^|0|^^|0|^^|^^|1|0|^00^|^^|0|0
^2026^|^01^|^527162^|^015^|^08^|^WA^|^4718^|^BMB^|^29^|^01^|^2^|^001^|^Pembinaan/Edukasi Publik^|0|^^|0|^^|^^|2|0|^00^|^^|0|0
^2026^|^01^|^527162^|^015^|^08^|^WA^|^4719^|^EBA^|^29^|^01^|^2^|^994^|^Layanan Perkantoran^|0|^^|0|^^|^^|12|0|^00^|^^|0|0
^2026^|^01^|^527162^|^015^|^08^|^WA^|^4719^|^EBA^|^29^|^01^|^2^|^004^|^Hasil Survey/Rekomendasi Kepuasan Pengguna Layanan^|0|^^|0|^^|^^|2|0|^00^|^^|0|0
^2026^|^01^|^527162^|^015^|^08^|^WA^|^4719^|^EBC^|^29^|^01^|^2^|^001^|^Pengembangan SDM^|0|^^|0|^^|^^|25|0|^00^|^^|0|0
^2026^|^01^|^527158^|^015^|^08^|^CD^|^6212^|^FAC^|^02^|^10^|^2^|^001^|^Komunikasi dan Edukasi Implementasi Aplikasi^|0|^^|0|^^|^^|62|0|^00^|^^|0|0
^2026^|^01^|^527158^|^015^|^08^|^CD^|^6212^|^FAH^|^02^|^10^|^2^|^001^|^Edukasi Dalam Rangka Penyusunan Laporan Keuangan Tingkat Kuasa BUN^|0|^^|0|^^|^^|4|0|^00^|^^|0|0
^2026^|^01^|^527158^|^015^|^08^|^CD^|^6212^|^FAL^|^02^|^10^|^2^|^004^|^Konsultasi Pencairan Dana^|0|^^|0|^^|^^|8|0|^00^|^^|0|0
^2026^|^01^|^527158^|^015^|^08^|^CD^|^6213^|^FAC^|^02^|^10^|^2^|^001^|^Monev Pengembangan Kompetensi KPA, PPK, PPSPM, Bendahara dan Pengelola Perbendaharaan^|0|^^|0|^^|^^|8|0|^00^|^^|0|0
^2026^|^01^|^527158^|^015^|^08^|^CD^|^6213^|^FAL^|^02^|^10^|^2^|^003^|^Reviu Belanja Pemerintah^|0|^^|0|^^|^^|1|0|^00^|^^|0|0
^2026^|^01^|^527158^|^015^|^08^|^CD^|^6214^|^FAL^|^02^|^10^|^2^|^002^|^Surat Perintah Pencairan/Penarikan/Repayment/Pengesahan Dana^|0|^^|0|^^|^^|1440|0|^00^|^^|0|0
^2026^|^01^|^527158^|^015^|^08^|^CD^|^6215^|^FAH^|^02^|^10^|^2^|^003^|^Laporan Keuangan BUN^|0|^^|0|^^|^^|4|0|^00^|^^|0|0
^2026^|^01^|^527158^|^015^|^08^|^WA^|^4715^|^EBA^|^02^|^10^|^2^|^001^|^Kerumahtanggaan^|0|^^|0|^^|^^|1|0|^00^|^^|0|0
^2026^|^01^|^527158^|^015^|^08^|^WA^|^4715^|^EBA^|^02^|^10^|^2^|^002^|^Dukungan Pimpinan dan Keprotokoleran^|0|^^|0|^^|^^|1|0|^00^|^^|0|0
^2026^|^01^|^527158^|^015^|^08^|^WA^|^4715^|^EBA^|^02^|^10^|^2^|^994^|^Layanan Perkantoran^|0|^^|0|^^|^^|1|0|^00^|^^|0|0
^2026^|^01^|^527158^|^015^|^08^|^WA^|^4715^|^EBD^|^02^|^10^|^2^|^Z36^|^Dokumen Pengelolaan Kinerja Organisasi^|0|^^|0|^^|^^|2|0|^00^|^^|0|0
^2026^|^01^|^527158^|^015^|^08^|^WA^|^4718^|^BMB^|^02^|^10^|^2^|^001^|^Pembinaan/Edukasi Publik^|0|^^|0|^^|^^|2|0|^00^|^^|0|0
^2026^|^01^|^527158^|^015^|^08^|^WA^|^4718^|^BMB^|^02^|^10^|^2^|^002^|^Kehumasan^|0|^^|0|^^|^^|1|0|^00^|^^|0|0
^2026^|^01^|^527158^|^015^|^08^|^WA^|^4719^|^EBA^|^02^|^10^|^2^|^004^|^Hasil Survey/Rekomendasi Kepuasan Pengguna Layanan^|0|^^|0|^^|^^|2|0|^00^|^^|0|0
^2026^|^01^|^527158^|^015^|^08^|^WA^|^4719^|^EBA^|^02^|^10^|^2^|^994^|^Layanan Perkantoran^|0|^^|0|^^|^^|1|0|^00^|^^|0|0
^2026^|^01^|^527158^|^015^|^08^|^WA^|^4719^|^EBC^|^02^|^10^|^2^|^001^|^Pengembangan SDM^|0|^^|0|^^|^^|14|0|^00^|^^|0|0
^2026^|^01^|^527230^|^015^|^08^|^CD^|^6212^|^FAC^|^02^|^53^|^2^|^001^|^Komunikasi dan Edukasi Implementasi Aplikasi^|0|^^|0|^^|^^|47|0|^00^|^^|0|0
^2026^|^01^|^527230^|^015^|^08^|^CD^|^6212^|^FAH^|^02^|^53^|^2^|^001^|^Edukasi Dalam Rangka Penyusunan Laporan Keuangan Tingkat Kuasa BUN^|0|^^|0|^^|^^|4|0|^00^|^^|0|0
^2026^|^01^|^527230^|^015^|^08^|^CD^|^6212^|^FAL^|^02^|^53^|^2^|^004^|^Konsultasi Pencairan Dana^|0|^^|0|^^|^^|9|0|^00^|^^|0|0
^2026^|^01^|^527230^|^015^|^08^|^CD^|^6213^|^FAC^|^02^|^53^|^2^|^001^|^Monev Pengembangan Kompetensi KPA, PPK, PPSPM, Bendahara dan Pengelola Perbendaharaan^|0|^^|0|^^|^^|9|0|^00^|^^|0|0
^2026^|^01^|^527230^|^015^|^08^|^CD^|^6213^|^FAE^|^02^|^53^|^2^|^009^|^Rekomendasi atas Kinerja Investasi Pemerintah^|0|^^|0|^^|^^|2|0|^00^|^^|0|0
^2026^|^01^|^527230^|^015^|^08^|^CD^|^6214^|^FAL^|^02^|^53^|^2^|^002^|^Surat Perintah Pencairan/Penarikan/Repayment/Pengesahan Dana^|0|^^|0|^^|^^|2112|0|^00^|^^|0|0
^2026^|^01^|^527230^|^015^|^08^|^CD^|^6215^|^FAH^|^02^|^53^|^2^|^003^|^Laporan Keuangan BUN^|0|^^|0|^^|^^|4|0|^00^|^^|0|0
^2026^|^01^|^527230^|^015^|^08^|^WA^|^4715^|^EBA^|^02^|^53^|^2^|^001^|^Kerumahtanggaan^|0|^^|0|^^|^^|12|0|^00^|^^|0|0
^2026^|^01^|^527230^|^015^|^08^|^WA^|^4715^|^EBA^|^02^|^53^|^2^|^002^|^Dukungan Pimpinan dan Keprotokoleran^|0|^^|0|^^|^^|12|0|^00^|^^|0|0
^2026^|^01^|^527230^|^015^|^08^|^WA^|^4715^|^EBA^|^02^|^53^|^2^|^994^|^Layanan Perkantoran^|0|^^|0|^^|^^|12|0|^00^|^^|0|0
^2026^|^01^|^527230^|^015^|^08^|^WA^|^4715^|^EBD^|^02^|^53^|^2^|^Z36^|^Dokumen Pengelolaan Kinerja Organisasi^|0|^^|0|^^|^^|2|0|^00^|^^|0|0
^2026^|^01^|^527230^|^015^|^08^|^WA^|^4718^|^BMB^|^02^|^53^|^2^|^001^|^Pembinaan/Edukasi Publik^|0|^^|0|^^|^^|2|0|^00^|^^|0|0
^2026^|^01^|^527230^|^015^|^08^|^WA^|^4718^|^BMB^|^02^|^53^|^2^|^002^|^Kehumasan^|0|^^|0|^^|^^|1|0|^00^|^^|0|0
^2026^|^01^|^527230^|^015^|^08^|^WA^|^4719^|^EBA^|^02^|^53^|^2^|^004^|^Hasil Survey/Rekomendasi Kepuasan Pengguna Layanan^|0|^^|0|^^|^^|2|0|^00^|^^|0|0
^2026^|^01^|^527230^|^015^|^08^|^WA^|^4719^|^EBA^|^02^|^53^|^2^|^994^|^Layanan Perkantoran^|0|^^|0|^^|^^|12|0|^00^|^^|0|0
^2026^|^01^|^527230^|^015^|^08^|^WA^|^4719^|^EBC^|^02^|^53^|^2^|^001^|^Pengembangan SDM^|0|^^|0|^^|^^|20|0|^00^|^^|0|0
^2026^|^01^|^527205^|^015^|^08^|^CD^|^6212^|^FAC^|^02^|^14^|^2^|^001^|^Komunikasi dan Edukasi Implementasi Aplikasi^|0|^^|0|^^|^^|36|0|^00^|^^|0|0
^2026^|^01^|^527205^|^015^|^08^|^CD^|^6212^|^FAH^|^02^|^14^|^2^|^001^|^Edukasi Dalam Rangka Penyusunan Laporan Keuangan Tingkat Kuasa BUN^|0|^^|0|^^|^^|4|0|^00^|^^|0|0
^2026^|^01^|^527205^|^015^|^08^|^CD^|^6212^|^FAL^|^02^|^14^|^2^|^004^|^Konsultasi Pencairan Dana^|0|^^|0|^^|^^|10|0|^00^|^^|0|0
^2026^|^01^|^527205^|^015^|^08^|^CD^|^6213^|^FAC^|^02^|^14^|^2^|^001^|^Monev Pengembangan Kompetensi KPA, PPK, PPSPM, Bendahara dan Pengelola Perbendaharaan^|0|^^|0|^^|^^|10|0|^00^|^^|0|0
^2026^|^01^|^527205^|^015^|^08^|^CD^|^6214^|^FAL^|^02^|^14^|^2^|^002^|^Surat Perintah Pencairan/Penarikan/Repayment/Pengesahan Dana^|0|^^|0|^^|^^|840|0|^00^|^^|0|0
^2026^|^01^|^527205^|^015^|^08^|^CD^|^6215^|^FAH^|^02^|^14^|^2^|^003^|^Laporan Keuangan BUN^|0|^^|0|^^|^^|4|0|^00^|^^|0|0
^2026^|^01^|^527205^|^015^|^08^|^WA^|^4715^|^EBA^|^02^|^14^|^2^|^001^|^Kerumahtanggaan^|0|^^|0|^^|^^|12|0|^00^|^^|0|0
^2026^|^01^|^527205^|^015^|^08^|^WA^|^4715^|^EBA^|^02^|^14^|^2^|^002^|^Dukungan Pimpinan dan Keprotokoleran^|0|^^|0|^^|^^|12|0|^00^|^^|0|0
^2026^|^01^|^527205^|^015^|^08^|^WA^|^4715^|^EBA^|^02^|^14^|^2^|^994^|^Layanan Perkantoran^|0|^^|0|^^|^^|12|0|^00^|^^|0|0
^2026^|^01^|^527205^|^015^|^08^|^WA^|^4715^|^EBD^|^02^|^14^|^2^|^Z36^|^Dokumen Pengelolaan Kinerja Organisasi^|0|^^|0|^^|^^|2|0|^00^|^^|0|0
^2026^|^01^|^527205^|^015^|^08^|^WA^|^4718^|^BMB^|^02^|^14^|^2^|^001^|^Pembinaan/Edukasi Publik^|0|^^|0|^^|^^|2|0|^00^|^^|0|0
^2026^|^01^|^527205^|^015^|^08^|^WA^|^4718^|^BMB^|^02^|^14^|^2^|^002^|^Kehumasan^|0|^^|0|^^|^^|1|0|^00^|^^|0|0
^2026^|^01^|^527205^|^015^|^08^|^WA^|^4719^|^EBA^|^02^|^14^|^2^|^004^|^Hasil Survey/Rekomendasi Kepuasan Pengguna Layanan^|0|^^|0|^^|^^|2|0|^00^|^^|0|0
^2026^|^01^|^527205^|^015^|^08^|^WA^|^4719^|^EBA^|^02^|^14^|^2^|^994^|^Layanan Perkantoran^|0|^^|0|^^|^^|12|0|^00^|^^|0|0
^2026^|^01^|^527205^|^015^|^08^|^WA^|^4719^|^EBC^|^02^|^14^|^2^|^001^|^Pengembangan SDM^|0|^^|0|^^|^^|14|0|^00^|^^|0|0
^2026^|^01^|^527183^|^015^|^08^|^CD^|^6213^|^FAE^|^02^|^09^|^2^|^009^|^Rekomendasi atas Kinerja Investasi Pemerintah^|0|^^|0|^^|^^|2|0|^00^|^^|0|0
^2026^|^01^|^527183^|^015^|^08^|^CD^|^6213^|^FAL^|^02^|^09^|^2^|^003^|^Reviu Belanja Pemerintah^|0|^^|0|^^|^^|1|0|^00^|^^|0|0
^2026^|^01^|^527183^|^015^|^08^|^CD^|^6214^|^FAL^|^02^|^09^|^2^|^002^|^Surat Perintah Pencairan/Penarikan/Repayment/Pengesahan Dana^|0|^^|0|^^|^^|720|0|^00^|^^|0|0
^2026^|^01^|^527183^|^015^|^08^|^CD^|^6212^|^BMB^|^02^|^09^|^2^|^001^|^Dukungan Pemberdayaan UMKM untuk Inklusi Pemanfaatan Digipay^|0|^^|0|^^|^^|1|0|^00^|^^|0|0
^2026^|^01^|^527183^|^015^|^08^|^CD^|^6212^|^FAC^|^02^|^09^|^2^|^001^|^Komunikasi dan Edukasi Implementasi Aplikasi^|0|^^|0|^^|^^|16|0|^00^|^^|0|0
^2026^|^01^|^527183^|^015^|^08^|^CD^|^6212^|^FAH^|^02^|^09^|^2^|^001^|^Edukasi Dalam Rangka Penyusunan Laporan Keuangan Tingkat Kuasa BUN^|0|^^|0|^^|^^|4|0|^00^|^^|0|0
^2026^|^01^|^527183^|^015^|^08^|^CD^|^6212^|^FAL^|^02^|^09^|^2^|^004^|^Konsultasi Pencairan Dana^|0|^^|0|^^|^^|10|0|^00^|^^|0|0
^2026^|^01^|^527183^|^015^|^08^|^CD^|^6213^|^FAC^|^02^|^09^|^2^|^001^|^Monev Pengembangan Kompetensi KPA, PPK, PPSPM, Bendahara dan Pengelola Perbendaharaan^|0|^^|0|^^|^^|10|0|^00^|^^|0|0
^2026^|^01^|^527183^|^015^|^08^|^CD^|^6215^|^FAH^|^02^|^09^|^2^|^003^|^Laporan Keuangan BUN^|0|^^|0|^^|^^|4|0|^00^|^^|0|0
^2026^|^01^|^527183^|^015^|^08^|^WA^|^4715^|^EBA^|^02^|^09^|^2^|^001^|^Kerumahtanggaan^|0|^^|0|^^|^^|12|0|^00^|^^|0|0
^2026^|^01^|^527183^|^015^|^08^|^WA^|^4715^|^EBA^|^02^|^09^|^2^|^002^|^Dukungan Pimpinan dan Keprotokoleran^|0|^^|0|^^|^^|12|0|^00^|^^|0|0
^2026^|^01^|^527183^|^015^|^08^|^WA^|^4715^|^EBA^|^02^|^09^|^2^|^994^|^Layanan Perkantoran^|0|^^|0|^^|^^|12|0|^00^|^^|0|0
^2026^|^01^|^527183^|^015^|^08^|^WA^|^4715^|^EBB^|^02^|^09^|^2^|^004^|^Gedung/Bangunan^|0|^^|0|^^|^^|50|0|^00^|^^|0|0
^2026^|^01^|^527183^|^015^|^08^|^WA^|^4715^|^EBD^|^02^|^09^|^2^|^Z36^|^Dokumen Pengelolaan Kinerja Organisasi^|0|^^|0|^^|^^|2|0|^00^|^^|0|0
^2026^|^01^|^527183^|^015^|^08^|^WA^|^4718^|^BMB^|^02^|^09^|^2^|^001^|^Pembinaan/Edukasi Publik^|0|^^|0|^^|^^|2|0|^00^|^^|0|0
^2026^|^01^|^527183^|^015^|^08^|^WA^|^4718^|^BMB^|^02^|^09^|^2^|^002^|^Kehumasan^|0|^^|0|^^|^^|1|0|^00^|^^|0|0
^2026^|^01^|^527183^|^015^|^08^|^WA^|^4719^|^EBA^|^02^|^09^|^2^|^004^|^Hasil Survey/Rekomendasi Kepuasan Pengguna Layanan^|0|^^|0|^^|^^|2|0|^00^|^^|0|0
^2026^|^01^|^527183^|^015^|^08^|^WA^|^4719^|^EBA^|^02^|^09^|^2^|^994^|^Layanan Perkantoran^|0|^^|0|^^|^^|12|0|^00^|^^|0|0
^2026^|^01^|^527183^|^015^|^08^|^WA^|^4719^|^EBC^|^02^|^09^|^2^|^001^|^Pengembangan SDM^|0|^^|0|^^|^^|14|0|^00^|^^|0|0
^2026^|^01^|^527272^|^015^|^08^|^CD^|^6212^|^BMB^|^03^|^51^|^2^|^001^|^Dukungan Pemberdayaan UMKM untuk Inklusi Pemanfaatan Digipay^|0|^^|0|^^|^^|1|0|^00^|^^|0|0
^2026^|^01^|^527272^|^015^|^08^|^CD^|^6212^|^FAC^|^03^|^51^|^2^|^001^|^Komunikasi dan Edukasi Implementasi Aplikasi^|0|^^|0|^^|^^|132|0|^00^|^^|0|0
^2026^|^01^|^527272^|^015^|^08^|^CD^|^6212^|^FAH^|^03^|^51^|^2^|^001^|^Edukasi Dalam Rangka Penyusunan Laporan Keuangan Tingkat Kuasa BUN^|0|^^|0|^^|^^|4|0|^00^|^^|0|0
^2026^|^01^|^527272^|^015^|^08^|^CD^|^6212^|^FAL^|^03^|^51^|^2^|^004^|^Konsultasi Pencairan Dana^|0|^^|0|^^|^^|8|0|^00^|^^|0|0
^2026^|^01^|^527272^|^015^|^08^|^CD^|^6213^|^FAC^|^03^|^51^|^2^|^001^|^Monev Pengembangan Kompetensi KPA, PPK, PPSPM, Bendahara dan Pengelola Perbendaharaan^|0|^^|0|^^|^^|8|0|^00^|^^|0|0
^2026^|^01^|^527272^|^015^|^08^|^CD^|^6213^|^FAE^|^03^|^51^|^2^|^009^|^Rekomendasi atas Kinerja Investasi Pemerintah^|0|^^|0|^^|^^|2|0|^00^|^^|0|0
^2026^|^01^|^527272^|^015^|^08^|^CD^|^6213^|^FAL^|^03^|^51^|^2^|^003^|^Reviu Belanja Pemerintah^|0|^^|0|^^|^^|1|0|^00^|^^|0|0
^2026^|^01^|^527272^|^015^|^08^|^CD^|^6214^|^FAL^|^03^|^51^|^2^|^002^|^Surat Perintah Pencairan/Penarikan/Repayment/Pengesahan Dana^|0|^^|0|^^|^^|3120|0|^00^|^^|0|0
^2026^|^01^|^527272^|^015^|^08^|^CD^|^6215^|^FAH^|^03^|^51^|^2^|^003^|^Laporan Keuangan BUN^|0|^^|0|^^|^^|4|0|^00^|^^|0|0
^2026^|^01^|^527272^|^015^|^08^|^WA^|^4715^|^EBA^|^03^|^51^|^2^|^001^|^Kerumahtanggaan^|0|^^|0|^^|^^|1|0|^00^|^^|0|0
^2026^|^01^|^527272^|^015^|^08^|^WA^|^4715^|^EBA^|^03^|^51^|^2^|^002^|^Dukungan Pimpinan dan Keprotokoleran^|0|^^|0|^^|^^|1|0|^00^|^^|0|0
^2026^|^01^|^527272^|^015^|^08^|^WA^|^4715^|^EBA^|^03^|^51^|^2^|^994^|^Layanan Perkantoran^|0|^^|0|^^|^^|1|0|^00^|^^|0|0
^2026^|^01^|^527272^|^015^|^08^|^WA^|^4715^|^EBB^|^03^|^51^|^2^|^002^|^Peralatan Fasilitas Perkantoran^|0|^^|0|^^|^^|6|0|^00^|^^|0|0
^2026^|^01^|^527272^|^015^|^08^|^WA^|^4718^|^BMB^|^03^|^51^|^2^|^001^|^Pembinaan/Edukasi Publik^|0|^^|0|^^|^^|2|0|^00^|^^|0|0
^2026^|^01^|^527272^|^015^|^08^|^WA^|^4718^|^BMB^|^03^|^51^|^2^|^002^|^Kehumasan^|0|^^|0|^^|^^|1|0|^00^|^^|0|0
^2026^|^01^|^527272^|^015^|^08^|^WA^|^4719^|^EBA^|^03^|^51^|^2^|^004^|^Hasil Survey/Rekomendasi Kepuasan Pengguna Layanan^|0|^^|0|^^|^^|2|0|^00^|^^|0|0
^2026^|^01^|^527272^|^015^|^08^|^WA^|^4719^|^EBA^|^03^|^51^|^2^|^994^|^Layanan Perkantoran^|0|^^|0|^^|^^|1|0|^00^|^^|0|0
^2026^|^01^|^527272^|^015^|^08^|^WA^|^4719^|^EBC^|^03^|^51^|^2^|^001^|^Pengembangan SDM^|0|^^|0|^^|^^|28|0|^00^|^^|0|0
^2026^|^01^|^527268^|^015^|^08^|^CD^|^6212^|^BMB^|^03^|^51^|^2^|^001^|^Dukungan Pemberdayaan UMKM untuk Inklusi Pemanfaatan Digipay^|0|^^|0|^^|^^|1|0|^00^|^^|0|0
^2026^|^01^|^527268^|^015^|^08^|^CD^|^6212^|^FAH^|^03^|^51^|^2^|^002^|^Komunikasi dan Edukasi Dalam Rangka Penyusunan Government Financial Statistic (GFS)^|0|^^|0|^^|^^|8|0|^00^|^^|0|0
^2026^|^01^|^527268^|^015^|^08^|^CD^|^6212^|^FAH^|^03^|^51^|^2^|^003^|^Komunikasi dan Edukasi Penyusunan LKKL dan LKBUN^|0|^^|0|^^|^^|4|0|^00^|^^|0|0
^2026^|^01^|^527268^|^015^|^08^|^CD^|^6212^|^FAL^|^03^|^51^|^2^|^001^|^Pembinaan Pelaksanaan Anggaran^|0|^^|0|^^|^^|8|0|^00^|^^|0|0
^2026^|^01^|^527268^|^015^|^08^|^CD^|^6213^|^ABA^|^03^|^51^|^2^|^001^|^Kajian atas Peluang Investasi dan Pinjaman Daerah^|0|^^|0|^^|^^|2|0|^00^|^^|0|0
^2026^|^01^|^527268^|^015^|^08^|^CD^|^6213^|^FAE^|^03^|^51^|^2^|^008^|^ALCo Regional^|0|^^|0|^^|^^|2|0|^00^|^^|0|0
^2026^|^01^|^527268^|^015^|^08^|^CD^|^6213^|^FAE^|^03^|^51^|^2^|^009^|^Rekomendasi atas Kinerja Investasi Pemerintah^|0|^^|0|^^|^^|2|0|^00^|^^|0|0
^2026^|^01^|^527268^|^015^|^08^|^CD^|^6213^|^FAL^|^03^|^51^|^2^|^003^|^Reviu Belanja Pemerintah^|0|^^|0|^^|^^|4|0|^00^|^^|0|0
^2026^|^01^|^527268^|^015^|^08^|^CD^|^6215^|^FAH^|^03^|^51^|^2^|^001^|^Government Financial Statistic (GFS)^|0|^^|0|^^|^^|4|0|^00^|^^|0|0
^2026^|^01^|^527268^|^015^|^08^|^CD^|^6215^|^FAH^|^03^|^51^|^2^|^003^|^Laporan Keuangan BUN^|0|^^|0|^^|^^|4|0|^00^|^^|0|0
^2026^|^01^|^527268^|^015^|^08^|^WA^|^4715^|^EBA^|^03^|^51^|^2^|^001^|^Kerumahtanggaan^|0|^^|0|^^|^^|12|0|^00^|^^|0|0
^2026^|^01^|^527268^|^015^|^08^|^WA^|^4715^|^EBA^|^03^|^51^|^2^|^002^|^Dukungan Pimpinan dan Keprotokoleran^|0|^^|0|^^|^^|12|0|^00^|^^|0|0
^2026^|^01^|^527268^|^015^|^08^|^WA^|^4715^|^EBA^|^03^|^51^|^2^|^994^|^Layanan Perkantoran^|0|^^|0|^^|^^|12|0|^00^|^^|0|0
^2026^|^01^|^527268^|^015^|^08^|^WA^|^4715^|^EBB^|^03^|^51^|^2^|^004^|^Gedung/Bangunan^|0|^^|0|^^|^^|480|0|^00^|^^|0|0
^2026^|^01^|^527268^|^015^|^08^|^WA^|^4715^|^EBD^|^03^|^51^|^2^|^Z26^|^Laporan Keuangan Unit^|0|^^|0|^^|^^|2|0|^00^|^^|0|0
^2026^|^01^|^527268^|^015^|^08^|^WA^|^4715^|^EBD^|^03^|^51^|^2^|^Z36^|^Dokumen Pengelolaan Kinerja Organisasi^|0|^^|0|^^|^^|4|0|^00^|^^|0|0
^2026^|^01^|^527268^|^015^|^08^|^WA^|^4718^|^BMB^|^03^|^51^|^2^|^001^|^Pembinaan/Edukasi Publik^|0|^^|0|^^|^^|2|0|^00^|^^|0|0
^2026^|^01^|^527268^|^015^|^08^|^WA^|^4718^|^BMB^|^03^|^51^|^2^|^002^|^Kehumasan^|0|^^|0|^^|^^|4|0|^00^|^^|0|0
^2026^|^01^|^527268^|^015^|^08^|^WA^|^4719^|^EBA^|^03^|^51^|^2^|^003^|^Rekomendasi Pengelolaan Organisasi^|0|^^|0|^^|^^|31|0|^00^|^^|0|0
^2026^|^01^|^527268^|^015^|^08^|^WA^|^4719^|^EBA^|^03^|^51^|^2^|^005^|^Standar Mutu Layanan - ISO Mutu Layanan^|0|^^|0|^^|^^|32|0|^00^|^^|0|0
^2026^|^01^|^527268^|^015^|^08^|^WA^|^4719^|^EBA^|^03^|^51^|^2^|^994^|^Layanan Perkantoran^|0|^^|0|^^|^^|12|0|^00^|^^|0|0
^2026^|^01^|^527268^|^015^|^08^|^WA^|^4719^|^EBC^|^03^|^51^|^2^|^001^|^Pengembangan SDM^|0|^^|0|^^|^^|70|0|^00^|^^|0|0
^2026^|^01^|^527268^|^015^|^08^|^WA^|^4722^|^EBD^|^03^|^51^|^2^|^001^|^Rekomendasi Penerapan Pengelolaan Risiko, Pengendalian dan Pengawasan Internal^|0|^^|0|^^|^^|2|0|^00^|^^|0|0
^2026^|^01^|^527293^|^015^|^08^|^CD^|^6212^|^BMB^|^03^|^22^|^2^|^001^|^Dukungan Pemberdayaan UMKM untuk Inklusi Pemanfaatan Digipay^|0|^^|0|^^|^^|1|0|^00^|^^|0|0
^2026^|^01^|^527293^|^015^|^08^|^CD^|^6212^|^FAC^|^03^|^22^|^2^|^001^|^Komunikasi dan Edukasi Implementasi Aplikasi^|0|^^|0|^^|^^|26|0|^00^|^^|0|0
^2026^|^01^|^527293^|^015^|^08^|^CD^|^6212^|^FAH^|^03^|^22^|^2^|^001^|^Edukasi Dalam Rangka Penyusunan Laporan Keuangan Tingkat Kuasa BUN^|0|^^|0|^^|^^|4|0|^00^|^^|0|0
^2026^|^01^|^527293^|^015^|^08^|^CD^|^6212^|^FAL^|^03^|^22^|^2^|^004^|^Konsultasi Pencairan Dana^|0|^^|0|^^|^^|8|0|^00^|^^|0|0
^2026^|^01^|^527293^|^015^|^08^|^CD^|^6213^|^FAC^|^03^|^22^|^2^|^001^|^Monev Pengembangan Kompetensi KPA, PPK, PPSPM, Bendahara dan Pengelola Perbendaharaan^|0|^^|0|^^|^^|7|0|^00^|^^|0|0
^2026^|^01^|^527293^|^015^|^08^|^CD^|^6214^|^FAL^|^03^|^22^|^2^|^002^|^Surat Perintah Pencairan/Penarikan/Repayment/Pengesahan Dana^|0|^^|0|^^|^^|1152|0|^00^|^^|0|0
^2026^|^01^|^527293^|^015^|^08^|^CD^|^6215^|^FAH^|^03^|^22^|^2^|^003^|^Laporan Keuangan BUN^|0|^^|0|^^|^^|4|0|^00^|^^|0|0
^2026^|^01^|^527293^|^015^|^08^|^WA^|^4715^|^EBA^|^03^|^22^|^2^|^001^|^Kerumahtanggaan^|0|^^|0|^^|^^|12|0|^00^|^^|0|0
^2026^|^01^|^527293^|^015^|^08^|^WA^|^4715^|^EBA^|^03^|^22^|^2^|^002^|^Dukungan Pimpinan dan Keprotokoleran^|0|^^|0|^^|^^|12|0|^00^|^^|0|0
^2026^|^01^|^527293^|^015^|^08^|^WA^|^4715^|^EBA^|^03^|^22^|^2^|^994^|^Layanan Perkantoran^|0|^^|0|^^|^^|12|0|^00^|^^|0|0
^2026^|^01^|^527293^|^015^|^08^|^WA^|^4718^|^BMB^|^03^|^22^|^2^|^002^|^Kehumasan^|0|^^|0|^^|^^|1|0|^00^|^^|0|0
^2026^|^01^|^527293^|^015^|^08^|^WA^|^4718^|^BMB^|^03^|^22^|^2^|^001^|^Pembinaan/Edukasi Publik^|0|^^|0|^^|^^|2|0|^00^|^^|0|0
^2026^|^01^|^527293^|^015^|^08^|^WA^|^4719^|^EBA^|^03^|^22^|^2^|^994^|^Layanan Perkantoran^|0|^^|0|^^|^^|12|0|^00^|^^|0|0
^2026^|^01^|^527293^|^015^|^08^|^WA^|^4719^|^EBA^|^03^|^22^|^2^|^004^|^Hasil Survey/Rekomendasi Kepuasan Pengguna Layanan^|0|^^|0|^^|^^|2|0|^00^|^^|0|0
^2026^|^01^|^527293^|^015^|^08^|^WA^|^4719^|^EBC^|^03^|^22^|^2^|^001^|^Pengembangan SDM^|0|^^|0|^^|^^|16|0|^00^|^^|0|0
^2026^|^01^|^527293^|^015^|^08^|^WA^|^4715^|^EBD^|^03^|^22^|^2^|^Z36^|^Dokumen Pengelolaan Kinerja Organisasi^|0|^^|0|^^|^^|1|0|^00^|^^|0|0
^2026^|^01^|^527301^|^015^|^08^|^CD^|^6212^|^FAC^|^03^|^15^|^2^|^001^|^Komunikasi dan Edukasi Implementasi Aplikasi^|0|^^|0|^^|^^|27|0|^00^|^^|0|0
^2026^|^01^|^527301^|^015^|^08^|^CD^|^6212^|^FAH^|^03^|^15^|^2^|^001^|^Edukasi Dalam Rangka Penyusunan Laporan Keuangan Tingkat Kuasa BUN^|0|^^|0|^^|^^|4|0|^00^|^^|0|0
^2026^|^01^|^527301^|^015^|^08^|^CD^|^6212^|^FAL^|^03^|^15^|^2^|^004^|^Konsultasi Pencairan Dana^|0|^^|0|^^|^^|9|0|^00^|^^|0|0
^2026^|^01^|^527301^|^015^|^08^|^CD^|^6213^|^FAC^|^03^|^15^|^2^|^001^|^Monev Pengembangan Kompetensi KPA, PPK, PPSPM, Bendahara dan Pengelola Perbendaharaan^|0|^^|0|^^|^^|9|0|^00^|^^|0|0
^2026^|^01^|^527301^|^015^|^08^|^CD^|^6213^|^FAL^|^03^|^15^|^2^|^003^|^Reviu Belanja Pemerintah^|0|^^|0|^^|^^|1|0|^00^|^^|0|0
^2026^|^01^|^527301^|^015^|^08^|^CD^|^6214^|^FAL^|^03^|^15^|^2^|^002^|^Surat Perintah Pencairan/Penarikan/Repayment/Pengesahan Dana^|0|^^|0|^^|^^|1344|0|^00^|^^|0|0
^2026^|^01^|^527301^|^015^|^08^|^CD^|^6215^|^FAH^|^03^|^15^|^2^|^003^|^Laporan Keuangan BUN^|0|^^|0|^^|^^|4|0|^00^|^^|0|0
^2026^|^01^|^527301^|^015^|^08^|^WA^|^4715^|^EBA^|^03^|^15^|^2^|^001^|^Kerumahtanggaan^|0|^^|0|^^|^^|12|0|^00^|^^|0|0
^2026^|^01^|^527301^|^015^|^08^|^WA^|^4715^|^EBA^|^03^|^15^|^2^|^002^|^Dukungan Pimpinan dan Keprotokoleran^|0|^^|0|^^|^^|12|0|^00^|^^|0|0
^2026^|^01^|^527301^|^015^|^08^|^WA^|^4715^|^EBA^|^03^|^15^|^2^|^994^|^Layanan Perkantoran^|0|^^|0|^^|^^|12|0|^00^|^^|0|0
^2026^|^01^|^527301^|^015^|^08^|^WA^|^4718^|^BMB^|^03^|^15^|^2^|^002^|^Kehumasan^|0|^^|0|^^|^^|1|0|^00^|^^|0|0
^2026^|^01^|^527301^|^015^|^08^|^WA^|^4718^|^BMB^|^03^|^15^|^2^|^001^|^Pembinaan/Edukasi Publik^|0|^^|0|^^|^^|2|0|^00^|^^|0|0
^2026^|^01^|^527301^|^015^|^08^|^WA^|^4719^|^EBA^|^03^|^15^|^2^|^994^|^Layanan Perkantoran^|0|^^|0|^^|^^|12|0|^00^|^^|0|0
^2026^|^01^|^527301^|^015^|^08^|^WA^|^4719^|^EBA^|^03^|^15^|^2^|^004^|^Hasil Survey/Rekomendasi Kepuasan Pengguna Layanan^|0|^^|0|^^|^^|2|0|^00^|^^|0|0
^2026^|^01^|^527301^|^015^|^08^|^WA^|^4719^|^EBC^|^03^|^15^|^2^|^001^|^Pengembangan SDM^|0|^^|0|^^|^^|23|0|^00^|^^|0|0
^2026^|^01^|^527315^|^015^|^08^|^CD^|^6212^|^FAC^|^03^|^53^|^2^|^001^|^Komunikasi dan Edukasi Implementasi Aplikasi^|0|^^|0|^^|^^|34|0|^00^|^^|0|0
^2026^|^01^|^527315^|^015^|^08^|^CD^|^6212^|^FAH^|^03^|^53^|^2^|^001^|^Edukasi Dalam Rangka Penyusunan Laporan Keuangan Tingkat Kuasa BUN^|0|^^|0|^^|^^|4|0|^00^|^^|0|0
^2026^|^01^|^527315^|^015^|^08^|^CD^|^6212^|^FAL^|^03^|^53^|^2^|^004^|^Konsultasi Pencairan Dana^|0|^^|0|^^|^^|8|0|^00^|^^|0|0
^2026^|^01^|^527315^|^015^|^08^|^CD^|^6213^|^FAC^|^03^|^53^|^2^|^001^|^Monev Pengembangan Kompetensi KPA, PPK, PPSPM, Bendahara dan Pengelola Perbendaharaan^|0|^^|0|^^|^^|7|0|^00^|^^|0|0
^2026^|^01^|^527315^|^015^|^08^|^CD^|^6213^|^FAL^|^03^|^53^|^2^|^003^|^Reviu Belanja Pemerintah^|0|^^|0|^^|^^|1|0|^00^|^^|0|0
^2026^|^01^|^527315^|^015^|^08^|^CD^|^6214^|^FAL^|^03^|^53^|^2^|^002^|^Surat Perintah Pencairan/Penarikan/Repayment/Pengesahan Dana^|0|^^|0|^^|^^|1488|0|^00^|^^|0|0
^2026^|^01^|^527315^|^015^|^08^|^CD^|^6215^|^FAH^|^03^|^53^|^2^|^003^|^Laporan Keuangan BUN^|0|^^|0|^^|^^|4|0|^00^|^^|0|0
^2026^|^01^|^527315^|^015^|^08^|^WA^|^4715^|^EBA^|^03^|^53^|^2^|^001^|^Kerumahtanggaan^|0|^^|0|^^|^^|12|0|^00^|^^|0|0
^2026^|^01^|^527315^|^015^|^08^|^WA^|^4715^|^EBA^|^03^|^53^|^2^|^002^|^Dukungan Pimpinan dan Keprotokoleran^|0|^^|0|^^|^^|12|0|^00^|^^|0|0
^2026^|^01^|^527315^|^015^|^08^|^WA^|^4715^|^EBA^|^03^|^53^|^2^|^994^|^Layanan Perkantoran^|0|^^|0|^^|^^|12|0|^00^|^^|0|0
^2026^|^01^|^527315^|^015^|^08^|^WA^|^4718^|^BMB^|^03^|^53^|^2^|^001^|^Pembinaan/Edukasi Publik^|0|^^|0|^^|^^|2|0|^00^|^^|0|0
^2026^|^01^|^527315^|^015^|^08^|^WA^|^4718^|^BMB^|^03^|^53^|^2^|^002^|^Kehumasan^|0|^^|0|^^|^^|1|0|^00^|^^|0|0
^2026^|^01^|^527315^|^015^|^08^|^WA^|^4719^|^EBA^|^03^|^53^|^2^|^004^|^Hasil Survey/Rekomendasi Kepuasan Pengguna Layanan^|0|^^|0|^^|^^|2|0|^00^|^^|0|0
^2026^|^01^|^527315^|^015^|^08^|^WA^|^4719^|^EBA^|^03^|^53^|^2^|^994^|^Layanan Perkantoran^|0|^^|0|^^|^^|12|0|^00^|^^|0|0
^2026^|^01^|^527315^|^015^|^08^|^WA^|^4719^|^EBC^|^03^|^53^|^2^|^001^|^Pengembangan SDM^|0|^^|0|^^|^^|19|0|^00^|^^|0|0
^2026^|^01^|^527289^|^015^|^08^|^CD^|^6212^|^BMB^|^03^|^56^|^2^|^001^|^Dukungan Pemberdayaan UMKM untuk Inklusi Pemanfaatan Digipay^|0|^^|0|^^|^^|1|0|^00^|^^|0|0
^2026^|^01^|^527289^|^015^|^08^|^CD^|^6212^|^FAC^|^03^|^56^|^2^|^001^|^Komunikasi dan Edukasi Implementasi Aplikasi^|0|^^|0|^^|^^|110|0|^00^|^^|0|0
^2026^|^01^|^527289^|^015^|^08^|^CD^|^6212^|^FAH^|^03^|^56^|^2^|^001^|^Edukasi Dalam Rangka Penyusunan Laporan Keuangan Tingkat Kuasa BUN^|0|^^|0|^^|^^|4|0|^00^|^^|0|0
^2026^|^01^|^527289^|^015^|^08^|^CD^|^6212^|^FAL^|^03^|^56^|^2^|^004^|^Konsultasi Pencairan Dana^|0|^^|0|^^|^^|9|0|^00^|^^|0|0
^2026^|^01^|^527289^|^015^|^08^|^CD^|^6213^|^FAC^|^03^|^56^|^2^|^001^|^Monev Pengembangan Kompetensi KPA, PPK, PPSPM, Bendahara dan Pengelola Perbendaharaan^|0|^^|0|^^|^^|9|0|^00^|^^|0|0
^2026^|^01^|^527289^|^015^|^08^|^CD^|^6213^|^FAE^|^03^|^56^|^2^|^009^|^Rekomendasi atas Kinerja Investasi Pemerintah^|0|^^|0|^^|^^|2|0|^00^|^^|0|0
^2026^|^01^|^527289^|^015^|^08^|^CD^|^6214^|^FAL^|^03^|^56^|^2^|^002^|^Surat Perintah Pencairan/Penarikan/Repayment/Pengesahan Dana^|0|^^|0|^^|^^|2568|0|^00^|^^|0|0
^2026^|^01^|^527289^|^015^|^08^|^CD^|^6215^|^FAH^|^03^|^56^|^2^|^003^|^Laporan Keuangan BUN^|0|^^|0|^^|^^|4|0|^00^|^^|0|0
^2026^|^01^|^527289^|^015^|^08^|^WA^|^4715^|^EBA^|^03^|^56^|^2^|^001^|^Kerumahtanggaan^|0|^^|0|^^|^^|12|0|^00^|^^|0|0
^2026^|^01^|^527289^|^015^|^08^|^WA^|^4715^|^EBA^|^03^|^56^|^2^|^002^|^Dukungan Pimpinan dan Keprotokoleran^|0|^^|0|^^|^^|12|0|^00^|^^|0|0
^2026^|^01^|^527289^|^015^|^08^|^WA^|^4715^|^EBA^|^03^|^56^|^2^|^994^|^Layanan Perkantoran^|0|^^|0|^^|^^|12|0|^00^|^^|0|0
^2026^|^01^|^527289^|^015^|^08^|^WA^|^4715^|^EBB^|^03^|^56^|^2^|^002^|^Peralatan Fasilitas Perkantoran^|0|^^|0|^^|^^|124|0|^00^|^^|0|0
^2026^|^01^|^527289^|^015^|^08^|^WA^|^4715^|^EBD^|^03^|^56^|^2^|^Z36^|^Dokumen Pengelolaan Kinerja Organisasi^|0|^^|0|^^|^^|2|0|^00^|^^|0|0
^2026^|^01^|^527289^|^015^|^08^|^WA^|^4718^|^BMB^|^03^|^56^|^2^|^001^|^Pembinaan/Edukasi Publik^|0|^^|0|^^|^^|2|0|^00^|^^|0|0
^2026^|^01^|^527289^|^015^|^08^|^WA^|^4718^|^BMB^|^03^|^56^|^2^|^002^|^Kehumasan^|0|^^|0|^^|^^|1|0|^00^|^^|0|0
^2026^|^01^|^527289^|^015^|^08^|^WA^|^4719^|^EBA^|^03^|^56^|^2^|^004^|^Hasil Survey/Rekomendasi Kepuasan Pengguna Layanan^|0|^^|0|^^|^^|2|0|^00^|^^|0|0
^2026^|^01^|^527289^|^015^|^08^|^WA^|^4719^|^EBA^|^03^|^56^|^2^|^994^|^Layanan Perkantoran^|0|^^|0|^^|^^|12|0|^00^|^^|0|0
^2026^|^01^|^527289^|^015^|^08^|^WA^|^4719^|^EBC^|^03^|^56^|^2^|^001^|^Pengembangan SDM^|0|^^|0|^^|^^|35|0|^00^|^^|0|0
