^2026^|^01^|^015116^|^015^|^08^|^WA^|^4719^|^2^|283973000|^1^|^51^|0|21769999|19995000|18492000|27000000|27000000|27012997|25000000|25000000|25000000|22295999|45407005|0|7.67|7.04|6.51|9.51|9.51|9.51|8.8|8.8|8.8|7.85|15.99|0|1|1|1|1|1|1|1|1|1|1|1|0|0|0|0|^ ^|^ ^|0|0
^2026^|^01^|^015116^|^015^|^08^|^CD^|^6215^|^2^|492000|^1^|^52^|0|0|237400|0|0|254600|0|0|0|0|0|0|0|0|48.25|0|0|51.75|0|0|0|0|0|0|0|0|1|0|0|1|0|0|0|0|0|0|0|0|0|0|^ ^|^ ^|0|0
^2026^|^01^|^015116^|^015^|^08^|^WA^|^4715^|^2^|694156000|^1^|^52^|0|43317860|61697670|70300000|77983000|80299997|68299996|60299993|60910161|53267385|53560367|64219571|0|6.24|8.89|10.13|11.23|11.57|9.84|8.69|8.77|7.67|7.72|9.25|0|1|1|1|1|1|1|1|1|1|1|1|0|0|0|0|^ ^|^ ^|0|0
^2026^|^01^|^015116^|^015^|^08^|^CD^|^6212^|^2^|20821000|^1^|^52^|0|644500|0|5000000|15176500|0|0|0|0|0|0|0|0|3.1|0|24.01|72.89|0|0|0|0|0|0|0|0|1|0|1|1|0|0|0|0|0|0|0|0|0|0|0|^ ^|^ ^|0|0
^2026^|^01^|^015116^|^015^|^08^|^CD^|^6214^|^2^|9283000|^1^|^52^|0|0|0|0|9283000|0|0|0|0|0|0|0|0|0|0|0|100|0|0|0|0|0|0|0|0|0|0|0|1|0|0|0|0|0|0|0|0|0|0|0|^ ^|^ ^|0|0
^2026^|^01^|^015116^|^015^|^08^|^WA^|^4719^|^2^|546000|^1^|^52^|0|0|0|546000|0|0|0|0|0|0|0|0|0|0|0|100|0|0|0|0|0|0|0|0|0|0|0|1|0|0|0|0|0|0|0|0|0|0|0|0|^ ^|^ ^|0|0
^2026^|^01^|^015115^|^015^|^08^|^CD^|^6212^|^2^|60648000|^1^|^52^|0|0|3999999|6532268|3553622|10553621|6553622|8553622|10261243|5000000|4256000|1384003|0|0|6.6|10.77|5.86|17.4|10.81|14.1|16.92|8.24|7.02|2.28|0|0|1|1|1|1|1|1|1|1|1|1|0|0|0|0|^ ^|^ ^|0|0
^2026^|^01^|^015115^|^015^|^08^|^CD^|^6214^|^2^|830000|^1^|^52^|0|0|0|0|0|830000|0|0|0|0|0|0|0|0|0|0|0|100|0|0|0|0|0|0|0|0|0|0|0|1|0|0|0|0|0|0|0|0|0|0|^ ^|^ ^|0|0
^2026^|^01^|^015115^|^015^|^08^|^WA^|^4715^|^2^|823547000|^1^|^52^|10533958|62901952|92931662|55567661|94820663|69231904|76982664|76982664|76982664|76768656|73185912|56656640|1.28|7.64|11.28|6.75|11.51|8.41|9.35|9.35|9.35|9.32|8.89|6.88|1|1|1|1|1|1|1|1|1|1|1|1|0|0|0|0|^ ^|^ ^|0|0
^2026^|^01^|^015115^|^015^|^08^|^WA^|^4718^|^2^|7689000|^1^|^52^|0|400000|1000000|600000|600000|1200000|600000|400000|1000000|400000|1200000|289000|0|5.2|13.01|7.8|7.8|15.61|7.8|5.2|13.01|5.2|15.61|3.76|0|1|1|1|1|1|1|1|1|1|1|1|0|0|0|0|^ ^|^ ^|0|0
^2026^|^01^|^015115^|^015^|^08^|^CD^|^6213^|^2^|1733000|^1^|^52^|0|0|0|0|0|0|0|0|0|0|0|1733000|0|0|0|0|0|0|0|0|0|0|0|100|0|0|0|0|0|0|0|0|0|0|0|1|0|0|0|0|^ ^|^ ^|0|0
^2026^|^01^|^015115^|^015^|^08^|^CD^|^6215^|^2^|416000|^1^|^52^|0|0|0|0|0|0|0|0|0|0|0|416000|0|0|0|0|0|0|0|0|0|0|0|100|0|0|0|0|0|0|0|0|0|0|0|1|0|0|0|0|^ ^|^ ^|0|0
^2026^|^01^|^015115^|^015^|^08^|^WA^|^4719^|^2^|10353000|^1^|^52^|0|0|1926189|0|1926189|0|1926189|0|1926189|0|2233244|415000|0|0|18.61|0|18.61|0|18.61|0|18.61|0|21.57|4.01|0|0|1|0|1|0|1|0|1|0|1|1|0|0|0|0|^ ^|^ ^|0|0
^2026^|^01^|^015115^|^015^|^08^|^WA^|^4719^|^2^|509110000|^1^|^51^|0|35999000|35360998|29756000|39945998|35320000|41388998|39999999|39999999|49999999|49999999|111339010|0|7.07|6.95|5.84|7.85|6.94|8.13|7.86|7.86|9.82|9.82|21.87|0|1|1|1|1|1|1|1|1|1|1|1|0|0|0|0|^ ^|^ ^|0|0
^2026^|^01^|^015117^|^015^|^08^|^CD^|^6212^|^2^|3036000|^1^|^52^|0|0|0|1013000|183000|183000|183000|183000|183000|183000|183000|742000|0|0|0|33.37|6.03|6.03|6.03|6.03|6.03|6.03|6.03|24.44|0|0|0|1|1|1|1|1|1|1|1|1|0|0|0|0|^ ^|^ ^|0|0
^2026^|^01^|^015117^|^015^|^08^|^WA^|^4715^|^2^|486978000|^1^|^52^|0|33512000|118293000|25118000|24077000|25767000|32844000|30077000|26832000|30031000|28487000|111940000|0|6.88|24.29|5.16|4.94|5.29|6.74|6.18|5.51|6.17|5.85|22.99|0|1|1|1|1|1|1|1|1|1|1|1|0|0|0|0|^ ^|^ ^|0|0
^2026^|^01^|^015117^|^015^|^08^|^WA^|^4719^|^2^|237849000|^1^|^51^|0|19673000|19673000|19818000|19818000|19818000|19818000|19818000|19818000|19818000|19818000|39959000|0|8.27|8.27|8.33|8.33|8.33|8.33|8.33|8.33|8.33|8.33|16.8|0|1|1|1|1|1|1|1|1|1|1|1|0|0|0|0|^ ^|^ ^|0|0
^2026^|^01^|^015117^|^015^|^08^|^WA^|^4719^|^2^|2497000|^1^|^52^|0|0|1640000|0|0|0|0|0|428500|0|0|428500|0|0|65.68|0|0|0|0|0|17.16|0|0|17.16|0|0|1|0|0|0|0|0|1|0|0|1|0|0|0|0|^ ^|^ ^|0|0
^2026^|^01^|^325237^|^015^|^08^|^WA^|^4722^|^2^|789000|^1^|^52^|0|500000|0|0|0|0|289000|0|0|0|0|0|0|63.37|0|0|0|0|36.63|0|0|0|0|0|0|1|0|0|0|0|1|0|0|0|0|0|0|0|0|0|^ ^|^ ^|0|0
^2026^|^01^|^325237^|^015^|^08^|^CD^|^6215^|^2^|1029000|^1^|^52^|0|0|0|0|0|149999|0|0|520000|0|359001|0|0|0|0|0|0|14.58|0|0|50.53|0|34.89|0|0|0|0|0|0|1|0|0|1|0|1|0|0|0|0|0|^ ^|^ ^|0|0
^2026^|^01^|^325237^|^015^|^08^|^WA^|^4715^|^2^|1822032000|^1^|^52^|0|179192687|193426152|170416054|186269843|202993449|196544334|93989849|151951849|143535591|115659844|188052348|0|9.83|10.62|9.35|10.22|11.14|10.79|5.16|8.34|7.88|6.35|10.32|0|1|1|1|1|1|1|1|1|1|1|1|0|0|0|0|^ ^|^ ^|0|0
^2026^|^01^|^325237^|^015^|^08^|^WA^|^4718^|^2^|21319000|^1^|^52^|0|300000|300000|300000|300000|6965499|300000|300000|3687999|1300000|300000|7265502|0|1.41|1.41|1.41|1.41|32.67|1.41|1.41|17.3|6.1|1.41|34.08|0|1|1|1|1|1|1|1|1|1|1|1|0|0|0|0|^ ^|^ ^|0|0
^2026^|^01^|^325237^|^015^|^08^|^WA^|^4719^|^2^|8914000|^1^|^52^|0|0|0|7909000|502500|0|0|0|0|0|502500|0|0|0|0|88.73|5.64|0|0|0|0|0|5.64|0|0|0|0|1|1|0|0|0|0|0|1|0|0|0|0|0|^ ^|^ ^|0|0
^2026^|^01^|^325237^|^015^|^08^|^CD^|^6212^|^2^|38725000|^1^|^52^|0|1734000|0|2725000|0|1111000|670999|18562998|0|2646000|1379999|9895004|0|4.48|0|7.04|0|2.87|1.73|47.94|0|6.83|3.56|25.55|0|1|0|1|0|1|1|1|0|1|1|1|0|0|0|0|^ ^|^ ^|0|0
^2026^|^01^|^325237^|^015^|^08^|^CD^|^6213^|^2^|109137000|^1^|^52^|0|1371000|5100000|17749999|12592996|9867996|5640001|17315998|9867996|7825000|5817999|15988015|0|1.26|4.67|16.26|11.54|9.04|5.17|15.87|9.04|7.17|5.33|14.65|0|1|1|1|1|1|1|1|1|1|1|1|0|0|0|0|^ ^|^ ^|0|0
^2026^|^01^|^325237^|^015^|^08^|^WA^|^4715^|^2^|250000000|^1^|^53^|0|0|0|0|0|249360000|0|0|0|0|0|640000|0|0|0|0|0|99.74|0|0|0|0|0|0.26|0|0|0|0|0|1|0|0|0|0|0|1|0|0|0|0|^ ^|^ ^|0|0
^2026^|^01^|^325237^|^015^|^08^|^WA^|^4719^|^2^|435324000|^1^|^51^|0|36214000|31499000|28472000|42487300|35457300|35339666|39557666|33933666|38793850|38793850|74775702|0|8.32|7.24|6.54|9.76|8.15|8.12|9.09|7.8|8.91|8.91|17.18|0|1|1|1|1|1|1|1|1|1|1|1|0|0|0|0|^ ^|^ ^|0|0
^2026^|^01^|^015114^|^015^|^08^|^WA^|^4719^|^2^|561347000|^1^|^51^|0|39892000|37164999|36753000|40000000|40000000|45000000|45000000|45000000|45000000|45000000|142537001|0|7.11|6.62|6.55|7.13|7.13|8.02|8.02|8.02|8.02|8.02|25.39|0|1|1|1|1|1|1|1|1|1|1|1|0|0|0|0|^ ^|^ ^|0|0
^2026^|^01^|^015114^|^015^|^08^|^WA^|^4719^|^2^|10454000|^1^|^52^|0|0|2836068|250000|0|2836068|0|2836068|250000|223643|0|1222153|0|0|27.13|2.39|0|27.13|0|27.13|2.39|2.14|0|11.69|0|0|1|1|0|1|0|1|1|1|0|1|0|0|0|0|^ ^|^ ^|0|0
^2026^|^01^|^015114^|^015^|^08^|^CD^|^6212^|^2^|78740000|^1^|^52^|0|1000000|2000000|14000000|1499999|1999998|7999997|10999997|8999998|5499998|5249017|19490996|0|1.27|2.54|17.78|1.91|2.54|10.16|13.97|11.43|6.99|6.67|24.75|0|1|1|1|1|1|1|1|1|1|1|1|0|0|0|0|^ ^|^ ^|0|0
^2026^|^01^|^015114^|^015^|^08^|^CD^|^6213^|^2^|3987000|^1^|^52^|0|0|1250000|0|0|1380213|0|0|1356787|0|0|0|0|0|31.35|0|0|34.62|0|0|34.03|0|0|0|0|0|1|0|0|1|0|0|1|0|0|0|0|0|0|0|^ ^|^ ^|0|0
^2026^|^01^|^015114^|^015^|^08^|^CD^|^6215^|^2^|763000|^1^|^52^|0|0|400000|0|0|0|0|0|363000|0|0|0|0|0|52.42|0|0|0|0|0|47.58|0|0|0|0|0|1|0|0|0|0|0|1|0|0|0|0|0|0|0|^ ^|^ ^|0|0
^2026^|^01^|^015114^|^015^|^08^|^WA^|^4715^|^2^|2192891000|^1^|^52^|455750|163726588|270053959|179374879|157999918|152941029|186523641|176487993|176477993|176147993|176147991|376553266|0.02|7.47|12.31|8.18|7.21|6.97|8.51|8.05|8.05|8.03|8.03|17.17|1|1|1|1|1|1|1|1|1|1|1|1|0|0|0|0|^ ^|^ ^|0|0
^2026^|^01^|^015114^|^015^|^08^|^CD^|^6214^|^2^|1000000|^1^|^52^|0|0|0|0|500000|0|0|0|500000|0|0|0|0|0|0|0|50|0|0|0|50|0|0|0|0|0|0|0|1|0|0|0|1|0|0|0|0|0|0|0|^ ^|^ ^|0|0
^2026^|^01^|^015114^|^015^|^08^|^WA^|^4718^|^2^|6966000|^1^|^52^|0|0|1960000|0|0|840000|1840000|0|800000|1050000|476000|0|0|0|28.14|0|0|12.06|26.41|0|11.48|15.07|6.83|0|0|0|1|0|0|1|1|0|1|1|1|0|0|0|0|0|^ ^|^ ^|0|0
^2026^|^01^|^330171^|^015^|^08^|^WA^|^4719^|^2^|17949000|^1^|^52^|0|0|0|1480810|1480810|1480810|1480810|1480810|1480810|1480810|1480810|6102520|0|0|0|8.25|8.25|8.25|8.25|8.25|8.25|8.25|8.25|34|0|0|0|1|1|1|1|1|1|1|1|1|0|0|0|0|^ ^|^ ^|0|0
^2026^|^01^|^330171^|^015^|^08^|^WA^|^4719^|^2^|454920000|^1^|^51^|0|38567000|42052000|34500000|34000000|38499999|38499999|38499999|38499999|38499999|38499999|74801006|0|8.48|9.24|7.58|7.47|8.46|8.46|8.46|8.46|8.46|8.46|16.44|0|1|1|1|1|1|1|1|1|1|1|1|0|0|0|0|^ ^|^ ^|0|0
^2026^|^01^|^330171^|^015^|^08^|^WA^|^6990^|^2^|132959000|^1^|^52^|0|35075000|10500000|10771995|10771995|10771995|9999998|9999998|9999998|18771995|4740981|1555045|0|26.38|7.9|8.1|8.1|8.1|7.52|7.52|7.52|14.12|3.57|1.17|0|1|1|1|1|1|1|1|1|1|1|1|0|0|0|0|^ ^|^ ^|0|0
^2026^|^01^|^330171^|^015^|^08^|^WA^|^4715^|^2^|4876000000|^1^|^53^|0|0|228986784|1046227279|156499999|174740000|374997994|374997994|374997994|374997994|374997994|1394555968|0|0|4.7|21.46|3.21|3.58|7.69|7.69|7.69|7.69|7.69|28.6|0|0|1|1|1|1|1|1|1|1|1|1|0|0|0|0|^ ^|^ ^|0|0
^2026^|^01^|^330171^|^015^|^08^|^WA^|^4722^|^2^|1963000|^1^|^52^|0|0|0|158989|158989|158989|158989|158989|158989|158989|158989|691088|0|0|0|8.1|8.1|8.1|8.1|8.1|8.1|8.1|8.1|35.21|0|0|0|1|1|1|1|1|1|1|1|1|0|0|0|0|^ ^|^ ^|0|0
^2026^|^01^|^330171^|^015^|^08^|^CD^|^6213^|^2^|112002000|^1^|^52^|0|6457800|17425000|8677483|8677483|9677482|8677483|8677483|8677483|8677483|8677483|17699337|0|5.77|15.56|7.75|7.75|8.64|7.75|7.75|7.75|7.75|7.75|15.8|0|1|1|1|1|1|1|1|1|1|1|1|0|0|0|0|^ ^|^ ^|0|0
^2026^|^01^|^330171^|^015^|^08^|^WA^|^4718^|^2^|36204000|^1^|^52^|0|7635999|0|3016175|3016175|3016175|3016175|3016175|3016175|3016175|2629999|4824777|0|21.09|0|8.33|8.33|8.33|8.33|8.33|8.33|8.33|7.26|13.33|0|1|0|1|1|1|1|1|1|1|1|1|0|0|0|0|^ ^|^ ^|0|0
^2026^|^01^|^330171^|^015^|^08^|^CD^|^6215^|^2^|1672000|^1^|^52^|0|0|0|136717|136717|136717|136717|136717|136717|136717|136717|578264|0|0|0|8.18|8.18|8.18|8.18|8.18|8.18|8.18|8.18|34.59|0|0|0|1|1|1|1|1|1|1|1|1|0|0|0|0|^ ^|^ ^|0|0
^2026^|^01^|^330171^|^015^|^08^|^WA^|^4715^|^2^|1446857000|^1^|^52^|40000000|256088477|85763981|152356115|267891996|99356125|100891996|98356125|100891996|98356125|101238748|45665316|2.76|17.7|5.93|10.53|18.52|6.87|6.97|6.8|6.97|6.8|7|3.16|1|1|1|1|1|1|1|1|1|1|1|1|0|0|0|0|^ ^|^ ^|0|0
^2026^|^01^|^330171^|^015^|^08^|^CD^|^6216^|^2^|1360000|^1^|^52^|0|0|0|0|0|0|0|0|0|0|0|1360000|0|0|0|0|0|0|0|0|0|0|0|100|0|0|0|0|0|0|0|0|0|0|0|1|0|0|0|0|^ ^|^ ^|0|0
^2026^|^01^|^330171^|^015^|^08^|^CD^|^6212^|^2^|81041000|^1^|^52^|0|6741000|0|5693671|5693671|5693671|5693671|5693671|5693671|5693671|5547077|28897226|0|8.32|0|7.03|7.03|7.03|7.03|7.03|7.03|7.03|6.84|35.66|0|1|0|1|1|1|1|1|1|1|1|1|0|0|0|0|^ ^|^ ^|0|0
^2026^|^01^|^439165^|^015^|^08^|^CD^|^6216^|^1^|1996295000|^1^|^52^|4331999|8864000|443599999|231320350|31328764|347937668|4000000|261480000|4000000|287079565|4000000|368352655|0.22|0.44|22.22|11.59|1.57|17.43|0.2|13.1|0.2|14.38|0.2|18.45|1|1|1|1|1|1|1|1|1|1|1|1|0|0|0|0|^ ^|^ ^|0|0
^2026^|^01^|^439165^|^015^|^08^|^WA^|^4715^|^1^|491827000|^1^|^52^|8001510|28138773|54095259|37331742|26835999|65766999|26673999|47706120|26173999|26373999|31823999|112904602|1.63|5.72|11|7.59|5.46|13.37|5.42|9.7|5.32|5.36|6.47|22.96|1|1|1|1|1|1|1|1|1|1|1|1|0|0|0|0|^ ^|^ ^|0|0
^2026^|^01^|^445371^|^015^|^08^|^CD^|^6212^|^2^|37629000|^1^|^52^|0|7419998|0|1225997|1225997|1225997|1225997|1225997|1225997|701999|1257998|20893023|0|19.72|0|3.26|3.26|3.26|3.26|3.26|3.26|1.87|3.34|55.52|0|1|0|1|1|1|1|1|1|1|1|1|0|0|0|0|^ ^|^ ^|0|0
^2026^|^01^|^445371^|^015^|^08^|^WA^|^4719^|^2^|127990000|^1^|^51^|0|12714000|13409000|10000000|10000000|10000000|10663000|10663000|10663000|10663000|10663000|18552000|0|9.93|10.48|7.81|7.81|7.81|8.33|8.33|8.33|8.33|8.33|14.49|0|1|1|1|1|1|1|1|1|1|1|1|0|0|0|0|^ ^|^ ^|0|0
^2026^|^01^|^445371^|^015^|^08^|^WA^|^4718^|^2^|4217000|^1^|^52^|0|300000|0|350000|350000|350000|350000|350000|350000|350000|350000|1117000|0|7.11|0|8.3|8.3|8.3|8.3|8.3|8.3|8.3|8.3|26.49|0|1|0|1|1|1|1|1|1|1|1|1|0|0|0|0|^ ^|^ ^|0|0
^2026^|^01^|^445371^|^015^|^08^|^WA^|^4719^|^2^|2858000|^1^|^52^|0|0|0|242540|242540|242540|242540|242540|242540|242540|242540|917680|0|0|0|8.49|8.49|8.49|8.49|8.49|8.49|8.49|8.49|32.11|0|0|0|1|1|1|1|1|1|1|1|1|0|0|0|0|^ ^|^ ^|0|0
^2026^|^01^|^445371^|^015^|^08^|^CD^|^6214^|^2^|780000|^1^|^52^|0|0|0|82000|82000|82000|82000|82000|82000|42000|164000|82000|0|0|0|10.51|10.51|10.51|10.51|10.51|10.51|5.38|21.03|10.51|0|0|0|1|1|1|1|1|1|1|1|1|0|0|0|0|^ ^|^ ^|0|0
^2026^|^01^|^445371^|^015^|^08^|^CD^|^6215^|^2^|390000|^1^|^52^|0|0|0|0|0|0|41781|41781|41781|13971|41781|208905|0|0|0|0|0|0|10.71|10.71|10.71|3.58|10.71|53.57|0|0|0|0|0|0|1|1|1|1|1|1|0|0|0|0|^ ^|^ ^|0|0
^2026^|^01^|^445371^|^015^|^08^|^CD^|^6213^|^2^|2409000|^1^|^52^|0|780000|0|84999|84999|84999|84999|84999|84999|84999|84999|949008|0|32.38|0|3.53|3.53|3.53|3.53|3.53|3.53|3.53|3.53|39.39|0|1|0|1|1|1|1|1|1|1|1|1|0|0|0|0|^ ^|^ ^|0|0
^2026^|^01^|^445371^|^015^|^08^|^WA^|^4715^|^2^|628750000|^1^|^52^|0|54995749|60495050|74896462|69726464|69916462|45900716|45900716|45900716|45104870|44815471|71097324|0|8.75|9.62|11.91|11.09|11.12|7.3|7.3|7.3|7.17|7.13|11.31|0|1|1|1|1|1|1|1|1|1|1|1|0|0|0|0|^ ^|^ ^|0|0
^2026^|^01^|^451531^|^015^|^08^|^CD^|^6215^|^2^|763000|^1^|^52^|0|0|62000|62000|62000|62000|62000|62000|62000|62000|62000|205000|0|0|8.13|8.13|8.13|8.13|8.13|8.13|8.13|8.13|8.13|26.87|0|0|1|1|1|1|1|1|1|1|1|1|0|0|0|0|^ ^|^ ^|0|0
^2026^|^01^|^451531^|^015^|^08^|^WA^|^4715^|^2^|25075000|^1^|^53^|0|0|0|25075000|0|0|0|0|0|0|0|0|0|0|0|100|0|0|0|0|0|0|0|0|0|0|0|1|0|0|0|0|0|0|0|0|0|0|0|0|^ ^|^ ^|0|0
^2026^|^01^|^451531^|^015^|^08^|^WA^|^4719^|^2^|8276000|^1^|^52^|0|0|0|722000|722000|722000|722000|722000|722000|722000|722000|2500000|0|0|0|8.72|8.72|8.72|8.72|8.72|8.72|8.72|8.72|30.21|0|0|0|1|1|1|1|1|1|1|1|1|0|0|0|0|^ ^|^ ^|0|0
^2026^|^01^|^451531^|^015^|^08^|^CD^|^6213^|^2^|7928000|^1^|^52^|0|893030|673288|789341|789341|789341|789341|789341|593621|362671|362671|1096014|0|11.26|8.49|9.96|9.96|9.96|9.96|9.96|7.49|4.57|4.57|13.82|0|1|1|1|1|1|1|1|1|1|1|1|0|0|0|0|^ ^|^ ^|0|0
^2026^|^01^|^451531^|^015^|^08^|^WA^|^4718^|^2^|6486000|^1^|^52^|0|0|0|540000|540000|540000|540000|540000|540000|540000|540000|2166000|0|0|0|8.33|8.33|8.33|8.33|8.33|8.33|8.33|8.33|33.4|0|0|0|1|1|1|1|1|1|1|1|1|0|0|0|0|^ ^|^ ^|0|0
^2026^|^01^|^451531^|^015^|^08^|^CD^|^6212^|^2^|75045000|^1^|^52^|296509|802439|3808709|6784670|6784670|6784670|6784670|6784670|6784670|6784670|6784670|15859983|0.4|1.07|5.08|9.04|9.04|9.04|9.04|9.04|9.04|9.04|9.04|21.13|1|1|1|1|1|1|1|1|1|1|1|1|0|0|0|0|^ ^|^ ^|0|0
^2026^|^01^|^451531^|^015^|^08^|^CD^|^6214^|^2^|1000000|^1^|^52^|0|0|82000|82000|82000|82000|82000|82000|82000|82000|82000|262000|0|0|8.2|8.2|8.2|8.2|8.2|8.2|8.2|8.2|8.2|26.2|0|0|1|1|1|1|1|1|1|1|1|1|0|0|0|0|^ ^|^ ^|0|0
^2026^|^01^|^451531^|^015^|^08^|^WA^|^4715^|^2^|1184754000|^1^|^52^|18529853|66972805|114973492|94750874|52340176|261000913|92434705|91960402|91960402|91960402|91960402|115909574|1.56|5.65|9.7|8|4.42|22.03|7.8|7.76|7.76|7.76|7.76|9.78|1|1|1|1|1|1|1|1|1|1|1|1|0|0|0|0|^ ^|^ ^|0|0
^2026^|^01^|^451531^|^015^|^08^|^WA^|^4719^|^2^|336680000|^1^|^51^|17962000|23070000|19009999|18560997|28859000|27210000|27853999|27853999|27853999|27853999|27853999|62738009|5.34|6.85|5.65|5.51|8.57|8.08|8.27|8.27|8.27|8.27|8.27|18.63|1|1|1|1|1|1|1|1|1|1|1|1|0|0|0|0|^ ^|^ ^|0|0
^2026^|^01^|^340249^|^015^|^08^|^CD^|^6216^|^2^|589000|^1^|^52^|160950|160950|160950|45040|45040|0|0|0|0|0|0|16070|27.33|27.33|27.33|7.65|7.65|0|0|0|0|0|0|2.73|1|1|1|1|1|0|0|0|0|0|0|1|0|0|0|0|^ ^|^ ^|0|0
^2026^|^01^|^340249^|^015^|^08^|^WA^|^4719^|^2^|15460000|^1^|^52^|1240000|1451934|1451934|1451934|1408302|1408302|1471588|1196368|1408302|1213297|655037|1103002|8.02|9.39|9.39|9.39|9.11|9.11|9.52|7.74|9.11|7.85|4.24|7.13|1|1|1|1|1|1|1|1|1|1|1|1|0|0|0|0|^ ^|^ ^|0|0
^2026^|^01^|^340249^|^015^|^08^|^WA^|^4719^|^2^|427277000|^1^|^51^|0|41486000|31058000|25780000|50912000|32992000|10228999|37988000|37988000|34736095|24314326|99793580|0|9.71|7.27|6.03|11.92|7.72|2.39|8.89|8.89|8.13|5.69|23.36|0|1|1|1|1|1|1|1|1|1|1|1|0|0|0|0|^ ^|^ ^|0|0
^2026^|^01^|^340249^|^015^|^08^|^WA^|^4715^|^2^|813638000|^1^|^52^|3863084|73140631|43296887|110846705|92906222|77933822|56312090|55355221|54895130|54687046|28510894|161890268|0.47|8.99|5.32|13.62|11.42|9.58|6.92|6.8|6.75|6.72|3.5|19.9|1|1|1|1|1|1|1|1|1|1|1|1|0|0|0|0|^ ^|^ ^|0|0
^2026^|^01^|^340249^|^015^|^08^|^CD^|^6212^|^2^|58201000|^1^|^52^|8185610|15697542|13269633|2277150|2059620|2036560|1979943|1083942|496642|174988|376981|10562389|14.06|26.97|22.8|3.91|3.54|3.5|3.4|1.86|0.85|0.3|0.65|18.15|1|1|1|1|1|1|1|1|1|1|1|1|0|0|0|0|^ ^|^ ^|0|0
^2026^|^01^|^340249^|^015^|^08^|^CD^|^6215^|^2^|8210000|^1^|^52^|432444|1697746|1490784|1430037|225482|225482|80844|80844|80844|80844|756415|1628234|5.27|20.68|18.16|17.42|2.75|2.75|0.98|0.98|0.98|0.98|9.21|19.83|1|1|1|1|1|1|1|1|1|1|1|1|0|0|0|0|^ ^|^ ^|0|0
^2026^|^01^|^340249^|^015^|^08^|^CD^|^6213^|^2^|111242000|^1^|^52^|14401|6609805|6603212|6595856|6421707|6421707|6421707|6176191|6173547|6146552|5598246|48059069|0.01|5.94|5.94|5.93|5.77|5.77|5.77|5.55|5.55|5.53|5.03|43.2|1|1|1|1|1|1|1|1|1|1|1|1|0|0|0|0|^ ^|^ ^|0|0
^2026^|^01^|^340249^|^015^|^08^|^WA^|^4722^|^2^|1504000|^1^|^52^|185353|185353|185353|185353|185353|185353|177422|0|0|2|0|214458|12.32|12.32|12.32|12.32|12.32|12.32|11.8|0|0|0|0|14.26|1|1|1|1|1|1|1|0|0|1|0|1|0|0|0|0|^ ^|^ ^|0|0
^2026^|^01^|^340249^|^015^|^08^|^WA^|^4718^|^2^|32556000|^1^|^52^|977425|4977425|4977425|4977425|4183774|4183774|2265798|758358|0|0|3636531|1618065|3|15.29|15.29|15.29|12.85|12.85|6.96|2.33|0|0|11.17|4.97|1|1|1|1|1|1|1|1|0|0|1|1|0|0|0|0|^ ^|^ ^|0|0
^2026^|^01^|^451604^|^015^|^08^|^CD^|^6214^|^2^|970000|^1^|^52^|0|0|0|0|0|970000|0|0|0|0|0|0|0|0|0|0|0|100|0|0|0|0|0|0|0|0|0|0|0|1|0|0|0|0|0|0|0|0|0|0|^ ^|^ ^|0|0
^2026^|^01^|^451604^|^015^|^08^|^WA^|^4719^|^2^|6765000|^1^|^52^|0|0|0|384016|384016|869016|720805|384016|834016|488776|828061|1872278|0|0|0|5.68|5.68|12.85|10.65|5.68|12.33|7.23|12.24|27.68|0|0|0|1|1|1|1|1|1|1|1|1|0|0|0|0|^ ^|^ ^|0|0
^2026^|^01^|^451604^|^015^|^08^|^CD^|^6213^|^2^|4725000|^1^|^52^|0|0|0|2100000|0|222010|1387414|392174|240292|109149|26000|247961|0|0|0|44.44|0|4.7|29.36|8.3|5.09|2.31|0.55|5.25|0|0|0|1|0|1|1|1|1|1|1|1|0|0|0|0|^ ^|^ ^|0|0
^2026^|^01^|^451604^|^015^|^08^|^CD^|^6215^|^2^|485000|^1^|^52^|0|0|0|0|101190|383810|0|0|0|0|0|0|0|0|0|0|20.86|79.14|0|0|0|0|0|0|0|0|0|0|1|1|0|0|0|0|0|0|0|0|0|0|^ ^|^ ^|0|0
^2026^|^01^|^451604^|^015^|^08^|^WA^|^4718^|^2^|6849000|^1^|^52^|0|3740000|0|0|0|801504|1054265|485820|271526|0|188443|307442|0|54.61|0|0|0|11.7|15.39|7.09|3.96|0|2.75|4.49|0|1|0|0|0|1|1|1|1|0|1|1|0|0|0|0|^ ^|^ ^|0|0
^2026^|^01^|^451604^|^015^|^08^|^WA^|^4719^|^2^|239004000|^1^|^51^|13492000|21578000|16830000|22533000|24593148|20483582|20298920|20533321|20407598|18619780|17672984|21961667|5.65|9.03|7.04|9.43|10.29|8.57|8.49|8.59|8.54|7.79|7.39|9.19|1|1|1|1|1|1|1|1|1|1|1|1|0|0|0|0|^ ^|^ ^|0|0
^2026^|^01^|^451604^|^015^|^08^|^CD^|^6212^|^2^|71940000|^1^|^52^|0|1815000|0|2549291|11767837|10056521|8338192|5402000|5524667|6860414|6322445|13303633|0|2.52|0|3.54|16.36|13.98|11.59|7.51|7.68|9.54|8.79|18.49|0|1|0|1|1|1|1|1|1|1|1|1|0|0|0|0|^ ^|^ ^|0|0
^2026^|^01^|^451604^|^015^|^08^|^WA^|^4715^|^2^|682249000|^1^|^52^|300000|68201706|79118514|51634793|58664655|59111636|57226224|62496848|53113570|50788972|51469226|90122856|0.04|10|11.6|7.57|8.6|8.66|8.39|9.16|7.79|7.44|7.54|13.21|1|1|1|1|1|1|1|1|1|1|1|1|0|0|0|0|^ ^|^ ^|0|0
^2026^|^01^|^452878^|^015^|^08^|^WA^|^4718^|^2^|5306000|^1^|^52^|629000|629000|629000|629000|629000|629000|578000|296000|296000|296000|66000|0|11.85|11.85|11.85|11.85|11.85|11.85|10.89|5.58|5.58|5.58|1.24|0|1|1|1|1|1|1|1|1|1|1|1|0|0|0|0|0|^ ^|^ ^|0|0
^2026^|^01^|^452878^|^015^|^08^|^CD^|^6212^|^2^|53325000|^1^|^52^|1388177|5968351|5968351|5968351|5968351|5968351|5968351|5522043|5393901|2853764|425010|1931999|2.6|11.19|11.19|11.19|11.19|11.19|11.19|10.36|10.12|5.35|0.8|3.62|1|1|1|1|1|1|1|1|1|1|1|1|0|0|0|0|^ ^|^ ^|0|0
^2026^|^01^|^452878^|^015^|^08^|^CD^|^6213^|^2^|1775000|^1^|^52^|117000|117000|117000|117000|117000|117000|117000|117000|117000|117000|117000|488000|6.59|6.59|6.59|6.59|6.59|6.59|6.59|6.59|6.59|6.59|6.59|27.49|1|1|1|1|1|1|1|1|1|1|1|1|0|0|0|0|^ ^|^ ^|0|0
^2026^|^01^|^452878^|^015^|^08^|^CD^|^6215^|^2^|425000|^1^|^52^|45078|45078|45078|45078|45078|45078|45078|45078|45078|19298|0|0|10.61|10.61|10.61|10.61|10.61|10.61|10.61|10.61|10.61|4.54|0|0|1|1|1|1|1|1|1|1|1|1|0|0|0|0|0|0|^ ^|^ ^|0|0
^2026^|^01^|^452878^|^015^|^08^|^CD^|^6214^|^2^|850000|^1^|^52^|82000|82000|82000|82000|82000|82000|82000|82000|82000|82000|30000|0|9.65|9.65|9.65|9.65|9.65|9.65|9.65|9.65|9.65|9.65|3.53|0|1|1|1|1|1|1|1|1|1|1|1|0|0|0|0|0|^ ^|^ ^|0|0
^2026^|^01^|^452878^|^015^|^08^|^WA^|^4719^|^2^|7300000|^1^|^52^|797569|797569|797569|797569|797569|797569|797569|797569|863448|41000|15000|0|10.93|10.93|10.93|10.93|10.93|10.93|10.93|10.93|11.83|0.56|0.21|0|1|1|1|1|1|1|1|1|1|1|1|0|0|0|0|0|^ ^|^ ^|0|0
^2026^|^01^|^452878^|^015^|^08^|^WA^|^4715^|^2^|913081000|^1^|^52^|4640772|53561098|68922896|72360894|112361112|142360790|76870794|76870794|76870794|55139306|54510940|118610810|0.51|5.87|7.55|7.92|12.31|15.59|8.42|8.42|8.42|6.04|5.97|12.99|1|1|1|1|1|1|1|1|1|1|1|1|0|0|0|0|^ ^|^ ^|0|0
^2026^|^01^|^452878^|^015^|^08^|^WA^|^4719^|^2^|127028000|^1^|^51^|0|11191000|14248999|8663998|9000000|9000000|9883998|9883998|9883998|9883998|9883998|25504013|0|8.81|11.22|6.82|7.09|7.09|7.78|7.78|7.78|7.78|7.78|20.08|0|1|1|1|1|1|1|1|1|1|1|1|0|0|0|0|^ ^|^ ^|0|0
^2026^|^01^|^451547^|^015^|^08^|^CD^|^6212^|^2^|54760000|^1^|^52^|0|0|10017824|4690817|4690817|4690817|4566425|4559930|4565886|4222064|4222064|8533356|0|0|18.29|8.57|8.57|8.57|8.34|8.33|8.34|7.71|7.71|15.58|0|0|1|1|1|1|1|1|1|1|1|1|0|0|0|0|^ ^|^ ^|0|0
^2026^|^01^|^451547^|^015^|^08^|^CD^|^6213^|^2^|3907000|^1^|^52^|0|0|837024|582637|582637|386077|383497|287775|188414|174930|154999|329010|0|0|21.42|14.91|14.91|9.88|9.82|7.37|4.82|4.48|3.97|8.42|0|0|1|1|1|1|1|1|1|1|1|1|0|0|0|0|^ ^|^ ^|0|0
^2026^|^01^|^451547^|^015^|^08^|^WA^|^4719^|^2^|362754000|^1^|^51^|0|28135000|26712000|23688000|28000000|24000000|30227000|30227000|30227000|30227000|30227000|81084000|0|7.76|7.36|6.53|7.72|6.62|8.33|8.33|8.33|8.33|8.33|22.35|0|1|1|1|1|1|1|1|1|1|1|1|0|0|0|0|^ ^|^ ^|0|0
^2026^|^01^|^451547^|^015^|^08^|^WA^|^4715^|^2^|893855000|^1^|^52^|18780083|54903038|97803065|83087675|103942595|106644136|68711355|68711355|68756515|68492000|68492000|85531183|2.1|6.14|10.94|9.3|11.63|11.93|7.69|7.69|7.69|7.66|7.66|9.57|1|1|1|1|1|1|1|1|1|1|1|1|0|0|0|0|^ ^|^ ^|0|0
^2026^|^01^|^451547^|^015^|^08^|^WA^|^4719^|^2^|9696000|^1^|^52^|0|0|2667559|890242|1035320|1530341|507124|505098|505098|505098|505098|1045022|0|0|27.51|9.18|10.68|15.78|5.23|5.21|5.21|5.21|5.21|10.78|0|0|1|1|1|1|1|1|1|1|1|1|0|0|0|0|^ ^|^ ^|0|0
^2026^|^01^|^451547^|^015^|^08^|^CD^|^6214^|^2^|1000000|^1^|^52^|0|0|164000|82000|82000|82000|82000|82000|82000|82000|82000|180000|0|0|16.4|8.2|8.2|8.2|8.2|8.2|8.2|8.2|8.2|18|0|0|1|1|1|1|1|1|1|1|1|1|0|0|0|0|^ ^|^ ^|0|0
^2026^|^01^|^451547^|^015^|^08^|^WA^|^4715^|^2^|22500000|^1^|^53^|0|0|0|22500000|0|0|0|0|0|0|0|0|0|0|0|100|0|0|0|0|0|0|0|0|0|0|0|1|0|0|0|0|0|0|0|0|0|0|0|0|^ ^|^ ^|0|0
^2026^|^01^|^451547^|^015^|^08^|^CD^|^6215^|^2^|500000|^1^|^52^|0|0|81258|40629|40629|40629|40629|40629|40629|40629|40629|93710|0|0|16.25|8.13|8.13|8.13|8.13|8.13|8.13|8.13|8.13|18.74|0|0|1|1|1|1|1|1|1|1|1|1|0|0|0|0|^ ^|^ ^|0|0
^2026^|^01^|^451547^|^015^|^08^|^WA^|^4718^|^2^|7514000|^1^|^52^|0|0|1252000|626000|626000|626000|626000|626000|626000|626000|626000|1254000|0|0|16.66|8.33|8.33|8.33|8.33|8.33|8.33|8.33|8.33|16.69|0|0|1|1|1|1|1|1|1|1|1|1|0|0|0|0|^ ^|^ ^|0|0
^2026^|^01^|^451562^|^015^|^08^|^WA^|^4718^|^2^|7304000|^1^|^52^|0|0|1890000|0|640000|1250000|0|640000|1250000|0|1250000|384000|0|0|25.88|0|8.76|17.11|0|8.76|17.11|0|17.11|5.26|0|0|1|0|1|1|0|1|1|0|1|1|0|0|0|0|^ ^|^ ^|0|0
^2026^|^01^|^451562^|^015^|^08^|^WA^|^4719^|^2^|10296000|^1^|^52^|0|0|1905666|952833|1252833|1905666|952833|0|952833|952833|952833|467670|0|0|18.51|9.25|12.17|18.51|9.25|0|9.25|9.25|9.25|4.54|0|0|1|1|1|1|1|0|1|1|1|1|0|0|0|0|^ ^|^ ^|0|0
^2026^|^01^|^451562^|^015^|^08^|^CD^|^6213^|^2^|3460000|^1^|^52^|0|0|581492|581492|0|1162984|354460|243000|243000|178000|0|115572|0|0|16.81|16.81|0|33.61|10.24|7.02|7.02|5.14|0|3.34|0|0|1|1|0|1|1|1|1|1|0|1|0|0|0|0|^ ^|^ ^|0|0
^2026^|^01^|^451562^|^015^|^08^|^CD^|^6214^|^2^|1000000|^1^|^52^|0|0|0|500000|0|0|0|0|0|0|500000|0|0|0|0|50|0|0|0|0|0|0|50|0|0|0|0|1|0|0|0|0|0|0|1|0|0|0|0|0|^ ^|^ ^|0|0
^2026^|^01^|^451562^|^015^|^08^|^WA^|^4715^|^2^|757922000|^1^|^52^|0|53730916|71601647|63337305|84673410|106572530|60014436|60014436|60109436|60014436|65288272|72565176|0|7.09|9.45|8.36|11.17|14.06|7.92|7.92|7.93|7.92|8.61|9.57|0|1|1|1|1|1|1|1|1|1|1|1|0|0|0|0|^ ^|^ ^|0|0
^2026^|^01^|^451562^|^015^|^08^|^WA^|^4719^|^2^|380733000|^1^|^51^|0|39363000|31455000|28249998|32429000|24286000|32135713|32135713|32135713|32135713|32135713|64271437|0|10.34|8.26|7.42|8.52|6.38|8.44|8.44|8.44|8.44|8.44|16.88|0|1|1|1|1|1|1|1|1|1|1|1|0|0|0|0|^ ^|^ ^|0|0
^2026^|^01^|^451562^|^015^|^08^|^CD^|^6212^|^2^|51358000|^1^|^52^|0|208760|7688418|208760|2445757|12722317|3242661|5479658|3426621|9080673|5610661|1243714|0|0.41|14.97|0.41|4.76|24.77|6.31|10.67|6.67|17.68|10.92|2.42|0|1|1|1|1|1|1|1|1|1|1|1|0|0|0|0|^ ^|^ ^|0|0
^2026^|^01^|^451562^|^015^|^08^|^CD^|^6215^|^2^|632000|^1^|^52^|0|0|194000|0|0|0|194000|0|194000|0|0|50000|0|0|30.7|0|0|0|30.7|0|30.7|0|0|7.91|0|0|1|0|0|0|1|0|1|0|0|1|0|0|0|0|^ ^|^ ^|0|0
^2026^|^01^|^451553^|^015^|^08^|^CD^|^6212^|^2^|61200000|^1^|^52^|0|4857404|6612734|8297404|12364162|2297404|2297404|9524894|1728706|2513706|2147242|8558940|0|7.94|10.81|13.56|20.2|3.75|3.75|15.56|2.82|4.11|3.51|13.99|0|1|1|1|1|1|1|1|1|1|1|1|0|0|0|0|^ ^|^ ^|0|0
^2026^|^01^|^451553^|^015^|^08^|^CD^|^6215^|^2^|650000|^1^|^52^|0|637000|0|0|13000|0|0|0|0|0|0|0|0|98|0|0|2|0|0|0|0|0|0|0|0|1|0|0|1|0|0|0|0|0|0|0|0|0|0|0|^ ^|^ ^|0|0
^2026^|^01^|^451553^|^015^|^08^|^WA^|^4719^|^2^|395071000|^1^|^51^|0|32830999|28447000|29205000|35000000|35000000|32920000|32920000|32920000|32920000|32920000|69988001|0|8.31|7.2|7.39|8.86|8.86|8.33|8.33|8.33|8.33|8.33|17.72|0|1|1|1|1|1|1|1|1|1|1|1|0|0|0|0|^ ^|^ ^|0|0
^2026^|^01^|^451553^|^015^|^08^|^WA^|^4715^|^2^|835282000|^1^|^52^|0|62914601|87195194|58542121|107678364|98467007|65414198|88769556|106126167|67041034|72780083|20353675|0|7.53|10.44|7.01|12.89|11.79|7.83|10.63|12.71|8.03|8.71|2.44|0|1|1|1|1|1|1|1|1|1|1|1|0|0|0|0|^ ^|^ ^|0|0
^2026^|^01^|^451553^|^015^|^08^|^WA^|^4718^|^2^|6992000|^1^|^52^|0|800000|2500000|750000|1500000|0|0|1042000|400000|0|0|0|0|11.44|35.76|10.73|21.45|0|0|14.9|5.72|0|0|0|0|1|1|1|1|0|0|1|1|0|0|0|0|0|0|0|^ ^|^ ^|0|0
^2026^|^01^|^451553^|^015^|^08^|^CD^|^6213^|^2^|4279000|^1^|^52^|0|738955|1480306|422259|0|216000|958480|0|277000|0|186000|0|0|17.27|34.59|9.87|0|5.05|22.4|0|6.47|0|4.35|0|0|1|1|1|0|1|1|0|1|0|1|0|0|0|0|0|^ ^|^ ^|0|0
^2026^|^01^|^451553^|^015^|^08^|^CD^|^6214^|^2^|1000000|^1^|^52^|0|0|500000|500000|0|0|0|0|0|0|0|0|0|0|50|50|0|0|0|0|0|0|0|0|0|0|1|1|0|0|0|0|0|0|0|0|0|0|0|0|^ ^|^ ^|0|0
^2026^|^01^|^451553^|^015^|^08^|^WA^|^4719^|^2^|11237000|^1^|^52^|0|250000|4500000|0|3081998|0|0|2954999|250000|200003|0|0|0|2.22|40.05|0|27.43|0|0|26.3|2.22|1.78|0|0|0|1|1|0|1|0|0|1|1|1|0|0|0|0|0|0|^ ^|^ ^|0|0
^2026^|^01^|^497587^|^015^|^08^|^WA^|^4718^|^2^|5338000|^1^|^52^|0|0|0|0|0|0|0|0|2750000|0|0|2588000|0|0|0|0|0|0|0|0|51.52|0|0|48.48|0|0|0|0|0|0|0|0|1|0|0|1|0|0|0|0|^ ^|^ ^|0|0
^2026^|^01^|^497587^|^015^|^08^|^WA^|^4715^|^2^|626472000|^1^|^52^|8250000|31988038|76198570|69274040|78887040|66889038|49999999|48000000|49999999|45000000|29999998|71985278|1.32|5.11|12.16|11.06|12.59|10.68|7.98|7.66|7.98|7.18|4.79|11.49|1|1|1|1|1|1|1|1|1|1|1|1|0|0|0|0|^ ^|^ ^|0|0
^2026^|^01^|^497587^|^015^|^08^|^WA^|^4719^|^2^|192481000|^1^|^51^|0|18459999|14940999|11145000|18738999|16715000|18000000|18000000|18000000|18000000|18000000|22481003|0|9.59|7.76|5.79|9.74|8.68|9.35|9.35|9.35|9.35|9.35|11.68|0|1|1|1|1|1|1|1|1|1|1|1|0|0|0|0|^ ^|^ ^|0|0
^2026^|^01^|^497587^|^015^|^08^|^WA^|^4719^|^2^|3987000|^1^|^52^|0|0|0|0|0|0|0|0|1250000|0|0|2737000|0|0|0|0|0|0|0|0|31.35|0|0|68.65|0|0|0|0|0|0|0|0|1|0|0|1|0|0|0|0|^ ^|^ ^|0|0
^2026^|^01^|^497587^|^015^|^08^|^CD^|^6213^|^2^|2129000|^1^|^52^|0|0|0|0|0|0|0|1000000|649000|0|0|480000|0|0|0|0|0|0|0|46.97|30.48|0|0|22.55|0|0|0|0|0|0|0|1|1|0|0|1|0|0|0|0|^ ^|^ ^|0|0
^2026^|^01^|^497587^|^015^|^08^|^CD^|^6212^|^2^|39892000|^1^|^52^|0|4573999|3500000|240000|0|0|9999999|0|0|11000000|0|10578002|0|11.47|8.77|0.6|0|0|25.07|0|0|27.57|0|26.52|0|1|1|1|0|0|1|0|0|1|0|1|0|0|0|0|^ ^|^ ^|0|0
^2026^|^01^|^497587^|^015^|^08^|^CD^|^6214^|^2^|790000|^1^|^52^|0|0|0|0|0|0|0|0|0|0|790000|0|0|0|0|0|0|0|0|0|0|0|100|0|0|0|0|0|0|0|0|0|0|0|1|0|0|0|0|0|^ ^|^ ^|0|0
^2026^|^01^|^497587^|^015^|^08^|^CD^|^6215^|^2^|1145000|^1^|^52^|750000|0|0|0|0|0|0|0|0|0|395000|0|65.5|0|0|0|0|0|0|0|0|0|34.5|0|1|0|0|0|0|0|0|0|0|0|1|0|0|0|0|0|^ ^|^ ^|0|0
^2026^|^01^|^497593^|^015^|^08^|^CD^|^6214^|^2^|940000|^1^|^52^|0|0|0|0|0|940000|0|0|0|0|0|0|0|0|0|0|0|100|0|0|0|0|0|0|0|0|0|0|0|1|0|0|0|0|0|0|0|0|0|0|^ ^|^ ^|0|0
^2026^|^01^|^497593^|^015^|^08^|^WA^|^4719^|^2^|128951000|^1^|^51^|0|8309000|17471000|10384000|11996000|9981000|11593000|12802000|11190000|12591000|8866000|13768000|0|6.44|13.55|8.05|9.3|7.74|8.99|9.93|8.68|9.76|6.88|10.68|0|1|1|1|1|1|1|1|1|1|1|1|0|0|0|0|^ ^|^ ^|0|0
^2026^|^01^|^497593^|^015^|^08^|^WA^|^4719^|^2^|9209000|^1^|^52^|0|0|0|0|500000|3289999|0|0|0|0|5419001|0|0|0|0|0|5.43|35.73|0|0|0|0|58.84|0|0|0|0|0|1|1|0|0|0|0|1|0|0|0|0|0|^ ^|^ ^|0|0
^2026^|^01^|^497593^|^015^|^08^|^CD^|^6212^|^2^|44646000|^1^|^52^|100000|5275000|958000|4176000|3375000|2600000|3500000|3451000|4000000|3059999|14151001|0|0.22|11.82|2.15|9.35|7.56|5.82|7.84|7.73|8.96|6.85|31.7|0|1|1|1|1|1|1|1|1|1|1|1|0|0|0|0|0|^ ^|^ ^|0|0
^2026^|^01^|^497593^|^015^|^08^|^WA^|^4715^|^2^|742562000|^1^|^52^|11745500|53995564|77825569|64364664|68933318|66654797|62971250|60255514|74349995|57559417|57037364|86869048|1.58|7.27|10.48|8.67|9.28|8.98|8.48|8.11|10.01|7.75|7.68|11.7|1|1|1|1|1|1|1|1|1|1|1|1|0|0|0|0|^ ^|^ ^|0|0
^2026^|^01^|^497593^|^015^|^08^|^CD^|^6213^|^2^|1962000|^1^|^52^|0|0|0|0|0|770000|0|0|1192000|0|0|0|0|0|0|0|0|39.25|0|0|60.75|0|0|0|0|0|0|0|0|1|0|0|1|0|0|0|0|0|0|0|^ ^|^ ^|0|0
^2026^|^01^|^497593^|^015^|^08^|^CD^|^6215^|^2^|470000|^1^|^52^|0|0|470000|0|0|0|0|0|0|0|0|0|0|0|100|0|0|0|0|0|0|0|0|0|0|0|1|0|0|0|0|0|0|0|0|0|0|0|0|0|^ ^|^ ^|0|0
^2026^|^01^|^497593^|^015^|^08^|^WA^|^4718^|^2^|5536000|^1^|^52^|0|0|0|0|0|1150000|0|1190000|0|0|3196000|0|0|0|0|0|0|20.77|0|21.5|0|0|57.73|0|0|0|0|0|0|1|0|1|0|0|1|0|0|0|0|0|^ ^|^ ^|0|0
^2026^|^01^|^497607^|^015^|^08^|^CD^|^6212^|^2^|98048000|^1^|^52^|0|7388135|8331646|8726928|8723968|8034753|9728088|9985492|9382331|10278891|10878893|6588875|0|7.54|8.5|8.9|8.9|8.19|9.92|10.18|9.57|10.48|11.1|6.72|0|1|1|1|1|1|1|1|1|1|1|1|0|0|0|0|^ ^|^ ^|0|0
^2026^|^01^|^497607^|^015^|^08^|^CD^|^6214^|^2^|1784000|^1^|^52^|0|214000|400000|400000|400000|370000|0|0|0|0|0|0|0|12|22.42|22.42|22.42|20.74|0|0|0|0|0|0|0|1|1|1|1|1|0|0|0|0|0|0|0|0|0|0|^ ^|^ ^|0|0
^2026^|^01^|^497607^|^015^|^08^|^WA^|^4715^|^2^|1378407000|^1^|^52^|0|170375633|98304151|106140724|119543873|119400000|120893151|129869261|137001205|118817773|128800716|129260513|0|12.36|7.13|7.7|8.67|8.66|8.77|9.42|9.94|8.62|9.34|9.38|0|1|1|1|1|1|1|1|1|1|1|1|0|0|0|0|^ ^|^ ^|0|0
^2026^|^01^|^497607^|^015^|^08^|^WA^|^4718^|^2^|17794000|^1^|^52^|0|884188|1117188|1117188|1035188|2107188|2154580|2154580|2170580|2489319|1885000|679001|0|4.97|6.28|6.28|5.82|11.84|12.11|12.11|12.2|13.99|10.59|3.82|0|1|1|1|1|1|1|1|1|1|1|1|0|0|0|0|^ ^|^ ^|0|0
^2026^|^01^|^497607^|^015^|^08^|^WA^|^4719^|^2^|326316000|^1^|^51^|0|34624116|31352960|26250000|31000000|31000000|31534164|31558903|31190925|36194511|27502376|14108045|0|10.61|9.61|8.04|9.5|9.5|9.66|9.67|9.56|11.09|8.43|4.32|0|1|1|1|1|1|1|1|1|1|1|1|0|0|0|0|^ ^|^ ^|0|0
^2026^|^01^|^497607^|^015^|^08^|^CD^|^6215^|^2^|1484000|^1^|^52^|0|150212|557803|0|194587|194587|194587|192224|0|0|0|0|0|10.12|37.59|0|13.11|13.11|13.11|12.95|0|0|0|0|0|1|1|0|1|1|1|1|0|0|0|0|0|0|0|0|^ ^|^ ^|0|0
^2026^|^01^|^497607^|^015^|^08^|^CD^|^6213^|^2^|5821000|^1^|^52^|0|995212|838698|801113|783721|782049|296205|1024002|0|0|0|300000|0|17.1|14.41|13.76|13.46|13.43|5.09|17.59|0|0|0|5.15|0|1|1|1|1|1|1|1|0|0|0|1|0|0|0|0|^ ^|^ ^|0|0
^2026^|^01^|^497607^|^015^|^08^|^WA^|^4719^|^2^|7745000|^1^|^52^|0|1034318|826799|814035|819035|611035|611035|611035|599009|582695|572168|663836|0|13.35|10.68|10.51|10.58|7.89|7.89|7.89|7.73|7.52|7.39|8.57|0|1|1|1|1|1|1|1|1|1|1|1|0|0|0|0|^ ^|^ ^|0|0
^2026^|^01^|^527027^|^015^|^08^|^WA^|^4715^|^2^|3980082000|^1^|^52^|0|242743969|237527220|259127744|298457507|795770757|216970257|693412873|249769507|214406257|223288382|548607527|0|6.1|5.97|6.51|7.5|19.99|5.45|17.42|6.28|5.39|5.61|13.78|0|1|1|1|1|1|1|1|1|1|1|1|0|0|0|0|^ ^|^ ^|0|0
^2026^|^01^|^527027^|^015^|^08^|^WA^|^4719^|^2^|46532000|^1^|^52^|0|0|0|15110000|1943999|13112000|0|1265000|0|4340998|10760003|0|0|0|0|32.47|4.18|28.18|0|2.72|0|9.33|23.12|0|0|0|0|1|1|1|0|1|0|1|1|0|0|0|0|0|^ ^|^ ^|0|0
^2026^|^01^|^527027^|^015^|^08^|^WA^|^4718^|^2^|27561000|^1^|^52^|0|0|0|4717333|1837333|1837333|1837333|7102333|1837333|1837333|4717333|1837336|0|0|0|17.12|6.67|6.67|6.67|25.77|6.67|6.67|17.12|6.67|0|0|0|1|1|1|1|1|1|1|1|1|0|0|0|0|^ ^|^ ^|0|0
^2026^|^01^|^527027^|^015^|^08^|^WA^|^4719^|^2^|824835000|^1^|^51^|0|67363000|73221999|55048000|82518000|73343000|66898574|68873830|60427822|63638282|66891249|146611244|0|8.17|8.88|6.67|10|8.89|8.11|8.35|7.33|7.72|8.11|17.77|0|1|1|1|1|1|1|1|1|1|1|1|0|0|0|0|^ ^|^ ^|0|0
^2026^|^01^|^527027^|^015^|^08^|^CD^|^6215^|^2^|4600000|^1^|^52^|0|1052000|0|0|0|1950000|0|0|0|1300000|0|298000|0|22.87|0|0|0|42.39|0|0|0|28.26|0|6.48|0|1|0|0|0|1|0|0|0|1|0|1|0|0|0|0|^ ^|^ ^|0|0
^2026^|^01^|^527027^|^015^|^08^|^CD^|^6213^|^2^|105230000|^1^|^52^|0|5738219|4797526|538218|5992527|5992527|12125347|21393526|13291526|16340582|4797526|14222476|0|5.45|4.56|0.51|5.69|5.69|11.52|20.33|12.63|15.53|4.56|13.52|0|1|1|1|1|1|1|1|1|1|1|1|0|0|0|0|^ ^|^ ^|0|0
^2026^|^01^|^527027^|^015^|^08^|^CD^|^6212^|^2^|71990000|^1^|^52^|0|953099|3233000|1162400|7251395|4572436|22994898|3024897|417897|6740284|1471897|20167797|0|1.32|4.49|1.61|10.07|6.35|31.94|4.2|0.58|9.36|2.04|28.01|0|1|1|1|1|1|1|1|1|1|1|1|0|0|0|0|^ ^|^ ^|0|0
^2026^|^01^|^527027^|^015^|^08^|^WA^|^4722^|^2^|5899000|^1^|^52^|0|0|680000|0|680000|3264000|0|0|680000|0|595000|0|0|0|11.53|0|11.53|55.33|0|0|11.53|0|10.09|0|0|0|1|0|1|1|0|0|1|0|1|0|0|0|0|0|^ ^|^ ^|0|0
^2026^|^01^|^497622^|^015^|^08^|^CD^|^6214^|^2^|770000|^1^|^52^|0|0|0|0|0|0|0|0|0|0|0|770000|0|0|0|0|0|0|0|0|0|0|0|100|0|0|0|0|0|0|0|0|0|0|0|1|0|0|0|0|^ ^|^ ^|0|0
^2026^|^01^|^497622^|^015^|^08^|^WA^|^4715^|^2^|734348000|^1^|^52^|26055033|57632571|67543299|77690824|79128000|78627999|60000000|60000000|60000000|60000000|60000000|47670274|3.55|7.85|9.2|10.58|10.78|10.71|8.17|8.17|8.17|8.17|8.17|6.49|1|1|1|1|1|1|1|1|1|1|1|1|0|0|0|0|^ ^|^ ^|0|0
^2026^|^01^|^497622^|^015^|^08^|^WA^|^4718^|^2^|3619000|^1^|^52^|830000|270000|6000|0|0|0|0|0|0|0|0|2513000|22.93|7.46|0.17|0|0|0|0|0|0|0|0|69.44|1|1|1|0|0|0|0|0|0|0|0|1|0|0|0|0|^ ^|^ ^|0|0
^2026^|^01^|^497622^|^015^|^08^|^CD^|^6213^|^2^|3108000|^1^|^52^|0|0|0|0|0|0|0|0|0|0|0|3108000|0|0|0|0|0|0|0|0|0|0|0|100|0|0|0|0|0|0|0|0|0|0|0|1|0|0|0|0|^ ^|^ ^|0|0
^2026^|^01^|^497622^|^015^|^08^|^WA^|^4719^|^2^|160917000|^1^|^51^|0|14809999|12256000|12866000|12500000|12500000|13000000|13000000|13000000|13000000|13000000|30985001|0|9.2|7.62|8|7.77|7.77|8.08|8.08|8.08|8.08|8.08|19.26|0|1|1|1|1|1|1|1|1|1|1|1|0|0|0|0|^ ^|^ ^|0|0
^2026^|^01^|^497622^|^015^|^08^|^CD^|^6212^|^2^|34514000|^1^|^52^|0|0|1141999|0|0|0|0|0|0|0|0|33372001|0|0|3.31|0|0|0|0|0|0|0|0|96.69|0|0|1|0|0|0|0|0|0|0|0|1|0|0|0|0|^ ^|^ ^|0|0
^2026^|^01^|^497622^|^015^|^08^|^CD^|^6215^|^2^|2929000|^1^|^52^|0|0|2544000|0|0|0|0|0|0|0|0|385000|0|0|86.86|0|0|0|0|0|0|0|0|13.14|0|0|1|0|0|0|0|0|0|0|0|1|0|0|0|0|^ ^|^ ^|0|0
^2026^|^01^|^497622^|^015^|^08^|^WA^|^4719^|^2^|3199000|^1^|^52^|0|0|0|0|0|0|0|0|0|0|0|3199000|0|0|0|0|0|0|0|0|0|0|0|100|0|0|0|0|0|0|0|0|0|0|0|1|0|0|0|0|^ ^|^ ^|0|0
^2026^|^01^|^527052^|^015^|^08^|^CD^|^6213^|^2^|4514000|^1^|^52^|0|658750|0|0|0|0|0|0|1449250|527000|0|1879000|0|14.59|0|0|0|0|0|0|32.11|11.67|0|41.63|0|1|0|0|0|0|0|0|1|1|0|1|0|0|0|0|^ ^|^ ^|0|0
^2026^|^01^|^527052^|^015^|^08^|^CD^|^6214^|^2^|2000000|^1^|^52^|0|0|0|0|0|0|0|0|1000000|0|0|1000000|0|0|0|0|0|0|0|0|50|0|0|50|0|0|0|0|0|0|0|0|1|0|0|1|0|0|0|0|^ ^|^ ^|0|0
^2026^|^01^|^527052^|^015^|^08^|^WA^|^4715^|^2^|935469000|^1^|^52^|0|62738983|108767793|68003342|68554000|71877800|106586000|71003980|63810000|73695510|77004247|163427345|0|6.71|11.63|7.27|7.33|7.68|11.39|7.59|6.82|7.88|8.23|17.47|0|1|1|1|1|1|1|1|1|1|1|1|0|0|0|0|^ ^|^ ^|0|0
^2026^|^01^|^527052^|^015^|^08^|^CD^|^6212^|^2^|96134000|^1^|^52^|0|0|0|29121500|0|0|0|0|0|0|66749500|263000|0|0|0|30.29|0|0|0|0|0|0|69.43|0.27|0|0|0|1|0|0|0|0|0|0|1|1|0|0|0|0|^ ^|^ ^|0|0
^2026^|^01^|^527052^|^015^|^08^|^WA^|^4719^|^2^|558020000|^1^|^51^|0|28634000|29651000|30002000|35257000|36141000|40150000|48734000|49714000|48979000|61955000|148803000|0|5.13|5.31|5.38|6.32|6.48|7.2|8.73|8.91|8.78|11.1|26.67|0|1|1|1|1|1|1|1|1|1|1|1|0|0|0|0|^ ^|^ ^|0|0
^2026^|^01^|^527052^|^015^|^08^|^WA^|^4719^|^2^|12791000|^1^|^52^|0|0|0|0|0|0|8691000|1800000|0|0|1800000|500000|0|0|0|0|0|0|67.95|14.07|0|0|14.07|3.91|0|0|0|0|0|0|1|1|0|0|1|1|0|0|0|0|^ ^|^ ^|0|0
^2026^|^01^|^527052^|^015^|^08^|^CD^|^6215^|^2^|923000|^1^|^52^|0|0|0|0|0|0|0|0|0|0|923000|0|0|0|0|0|0|0|0|0|0|0|100|0|0|0|0|0|0|0|0|0|0|0|1|0|0|0|0|0|^ ^|^ ^|0|0
^2026^|^01^|^527052^|^015^|^08^|^WA^|^4718^|^2^|9916000|^1^|^52^|0|0|0|1000000|0|0|2458000|1000000|1000000|1000000|1000000|2458000|0|0|0|10.08|0|0|24.79|10.08|10.08|10.08|10.08|24.79|0|0|0|1|0|0|1|1|1|1|1|1|0|0|0|0|^ ^|^ ^|0|0
^2026^|^01^|^527102^|^015^|^08^|^WA^|^4715^|^2^|594938000|^1^|^52^|5557333|50124827|50182962|51262620|57050315|73851068|52777897|52777897|51577293|54652741|56852746|38270301|0.93|8.43|8.43|8.62|9.59|12.41|8.87|8.87|8.67|9.19|9.56|6.43|1|1|1|1|1|1|1|1|1|1|1|1|0|0|0|0|^ ^|^ ^|0|0
^2026^|^01^|^527102^|^015^|^08^|^WA^|^4719^|^2^|8219000|^1^|^52^|1151998|1151998|901998|901998|901998|901998|0|0|0|0|0|2307012|14.02|14.02|10.97|10.97|10.97|10.97|0|0|0|0|0|28.07|1|1|1|1|1|1|0|0|0|0|0|1|0|0|0|0|^ ^|^ ^|0|0
^2026^|^01^|^527102^|^015^|^08^|^WA^|^4718^|^2^|7216000|^1^|^52^|601000|601000|601000|601000|601000|601000|601000|601000|601000|601000|601000|605000|8.33|8.33|8.33|8.33|8.33|8.33|8.33|8.33|8.33|8.33|8.33|8.38|1|1|1|1|1|1|1|1|1|1|1|1|0|0|0|0|^ ^|^ ^|0|0
^2026^|^01^|^527102^|^015^|^08^|^WA^|^4719^|^2^|345412000|^1^|^51^|666000|29896999|30775999|27000000|33000000|33000000|27999999|27999999|27999999|27999999|27999999|51073007|0.19|8.66|8.91|7.82|9.55|9.55|8.11|8.11|8.11|8.11|8.11|14.79|1|1|1|1|1|1|1|1|1|1|1|1|0|0|0|0|^ ^|^ ^|0|0
^2026^|^01^|^527102^|^015^|^08^|^CD^|^6214^|^2^|2000000|^1^|^52^|500000|500000|500000|0|0|0|0|0|0|0|0|500000|25|25|25|0|0|0|0|0|0|0|0|25|1|1|1|0|0|0|0|0|0|0|0|1|0|0|0|0|^ ^|^ ^|0|0
^2026^|^01^|^527102^|^015^|^08^|^CD^|^6213^|^2^|3401000|^1^|^52^|155000|155000|155000|155000|155000|155000|330000|330000|330000|330000|330000|821000|4.56|4.56|4.56|4.56|4.56|4.56|9.7|9.7|9.7|9.7|9.7|24.14|1|1|1|1|1|1|1|1|1|1|1|1|0|0|0|0|^ ^|^ ^|0|0
^2026^|^01^|^527102^|^015^|^08^|^CD^|^6212^|^2^|71565000|^1^|^52^|6975563|6975563|8175563|6975563|6187265|7387265|6187265|6187265|7387265|4312201|2112000|2702222|9.75|9.75|11.42|9.75|8.65|10.32|8.65|8.65|10.32|6.03|2.95|3.78|1|1|1|1|1|1|1|1|1|1|1|1|0|0|0|0|^ ^|^ ^|0|0
^2026^|^01^|^527102^|^015^|^08^|^CD^|^6215^|^2^|1263000|^1^|^52^|104000|104000|104000|104000|104000|104000|104000|104000|104000|104000|104000|119000|8.23|8.23|8.23|8.23|8.23|8.23|8.23|8.23|8.23|8.23|8.23|9.42|1|1|1|1|1|1|1|1|1|1|1|1|0|0|0|0|^ ^|^ ^|0|0
^2026^|^01^|^527048^|^015^|^08^|^WA^|^4719^|^2^|639265000|^1^|^51^|0|50308000|56031999|46742999|55000000|57000000|54000000|55000000|54000000|53000000|55000000|103182002|0|7.87|8.77|7.31|8.6|8.92|8.45|8.6|8.45|8.29|8.6|16.14|0|1|1|1|1|1|1|1|1|1|1|1|0|0|0|0|^ ^|^ ^|0|0
^2026^|^01^|^527048^|^015^|^08^|^WA^|^4719^|^2^|10932000|^1^|^52^|0|923998|923998|923998|923998|923998|923998|923998|923998|923998|923998|1692020|0|8.45|8.45|8.45|8.45|8.45|8.45|8.45|8.45|8.45|8.45|15.48|0|1|1|1|1|1|1|1|1|1|1|1|0|0|0|0|^ ^|^ ^|0|0
^2026^|^01^|^527048^|^015^|^08^|^CD^|^6213^|^2^|3630000|^1^|^52^|0|416999|416999|416999|416999|416999|416999|241999|154999|154999|154999|421010|0|11.49|11.49|11.49|11.49|11.49|11.49|6.67|4.27|4.27|4.27|11.6|0|1|1|1|1|1|1|1|1|1|1|1|0|0|0|0|^ ^|^ ^|0|0
^2026^|^01^|^527048^|^015^|^08^|^CD^|^6214^|^2^|1800000|^1^|^52^|0|150000|150000|150000|150000|150000|150000|150000|150000|150000|150000|300000|0|8.33|8.33|8.33|8.33|8.33|8.33|8.33|8.33|8.33|8.33|16.67|0|1|1|1|1|1|1|1|1|1|1|1|0|0|0|0|^ ^|^ ^|0|0
^2026^|^01^|^527048^|^015^|^08^|^WA^|^4715^|^2^|1128931000|^1^|^52^|0|74649620|104649619|99678619|129678621|177678619|74678617|79874618|74961618|89961615|89956615|133162819|0|6.61|9.27|8.83|11.49|15.74|6.61|7.08|6.64|7.97|7.97|11.8|0|1|1|1|1|1|1|1|1|1|1|1|0|0|0|0|^ ^|^ ^|0|0
^2026^|^01^|^527048^|^015^|^08^|^CD^|^6215^|^2^|1031000|^1^|^52^|0|96000|96000|96000|96000|96000|96000|96000|96000|96000|96000|71000|0|9.31|9.31|9.31|9.31|9.31|9.31|9.31|9.31|9.31|9.31|6.89|0|1|1|1|1|1|1|1|1|1|1|1|0|0|0|0|^ ^|^ ^|0|0
^2026^|^01^|^527048^|^015^|^08^|^CD^|^6212^|^2^|94836000|^1^|^52^|0|7908000|7908000|7908000|7908000|7908000|7908000|7887000|7887000|7887000|7892000|15835000|0|8.34|8.34|8.34|8.34|8.34|8.34|8.32|8.32|8.32|8.32|16.7|0|1|1|1|1|1|1|1|1|1|1|1|0|0|0|0|^ ^|^ ^|0|0
^2026^|^01^|^527048^|^015^|^08^|^WA^|^4718^|^2^|9916000|^1^|^52^|0|826000|826000|826000|826000|826000|826000|826000|826000|826000|826000|1656000|0|8.33|8.33|8.33|8.33|8.33|8.33|8.33|8.33|8.33|8.33|16.7|0|1|1|1|1|1|1|1|1|1|1|1|0|0|0|0|^ ^|^ ^|0|0
^2026^|^01^|^527031^|^015^|^08^|^WA^|^4715^|^2^|843758000|^1^|^52^|8295230|66092220|108656638|89365252|84818252|83082251|65082998|60565646|65105250|69182407|75721249|67790607|0.98|7.83|12.88|10.59|10.05|9.85|7.71|7.18|7.72|8.2|8.97|8.03|1|1|1|1|1|1|1|1|1|1|1|1|0|0|0|0|^ ^|^ ^|0|0
^2026^|^01^|^527031^|^015^|^08^|^CD^|^6215^|^2^|751000|^1^|^52^|0|0|0|0|0|0|0|0|35000|236000|236000|244000|0|0|0|0|0|0|0|0|4.66|31.42|31.42|32.49|0|0|0|0|0|0|0|0|1|1|1|1|0|0|0|0|^ ^|^ ^|0|0
^2026^|^01^|^527031^|^015^|^08^|^WA^|^4719^|^2^|8929000|^1^|^52^|0|1923750|0|810000|0|1257988|0|259990|1312995|1312995|1312995|738287|0|21.54|0|9.07|0|14.09|0|2.91|14.7|14.7|14.7|8.27|0|1|0|1|0|1|0|1|1|1|1|1|0|0|0|0|^ ^|^ ^|0|0
^2026^|^01^|^527031^|^015^|^08^|^WA^|^4718^|^2^|4050000|^1^|^52^|414380|414380|0|190000|269481|269481|269481|269481|389481|309101|710101|544633|10.23|10.23|0|4.69|6.65|6.65|6.65|6.65|9.62|7.63|17.53|13.45|1|1|0|1|1|1|1|1|1|1|1|1|0|0|0|0|^ ^|^ ^|0|0
^2026^|^01^|^527031^|^015^|^08^|^CD^|^6212^|^2^|51053000|^1^|^52^|522000|0|0|0|5051720|5387951|4386305|5360357|9083732|4697427|6544036|10019472|1.02|0|0|0|9.9|10.55|8.59|10.5|17.79|9.2|12.82|19.63|1|0|0|0|1|1|1|1|1|1|1|1|0|0|0|0|^ ^|^ ^|0|0
^2026^|^01^|^527031^|^015^|^08^|^CD^|^6214^|^2^|1500000|^1^|^52^|0|0|1500000|0|0|0|0|0|0|0|0|0|0|0|100|0|0|0|0|0|0|0|0|0|0|0|1|0|0|0|0|0|0|0|0|0|0|0|0|0|^ ^|^ ^|0|0
^2026^|^01^|^527031^|^015^|^08^|^CD^|^6213^|^2^|8631000|^1^|^52^|0|263500|262000|0|226000|367245|467649|530596|580579|580579|580579|4772273|0|3.05|3.04|0|2.62|4.25|5.42|6.15|6.73|6.73|6.73|55.29|0|1|1|0|1|1|1|1|1|1|1|1|0|0|0|0|^ ^|^ ^|0|0
^2026^|^01^|^527031^|^015^|^08^|^WA^|^4719^|^2^|528218000|^1^|^51^|0|41522000|39179999|27063999|55369000|48174000|44015000|44015000|44015000|44015000|44015000|96834002|0|7.86|7.42|5.12|10.48|9.12|8.33|8.33|8.33|8.33|8.33|18.33|0|1|1|1|1|1|1|1|1|1|1|1|0|0|0|0|^ ^|^ ^|0|0
^2026^|^01^|^527120^|^015^|^08^|^CD^|^6213^|^2^|3486000|^1^|^52^|131422|392979|392979|174000|174000|174000|174000|210110|305422|305422|305422|746244|3.77|11.27|11.27|4.99|4.99|4.99|4.99|6.03|8.76|8.76|8.76|21.41|1|1|1|1|1|1|1|1|1|1|1|1|0|0|0|0|^ ^|^ ^|0|0
^2026^|^01^|^527120^|^015^|^08^|^WA^|^4718^|^2^|6679000|^1^|^52^|556250|556250|556250|556250|556250|556250|556250|556250|556250|556250|556250|560250|8.33|8.33|8.33|8.33|8.33|8.33|8.33|8.33|8.33|8.33|8.33|8.39|1|1|1|1|1|1|1|1|1|1|1|1|0|0|0|0|^ ^|^ ^|0|0
^2026^|^01^|^527120^|^015^|^08^|^WA^|^4719^|^2^|7802000|^1^|^52^|40000|907207|907207|41000|907207|907207|41000|907207|907207|41000|907207|1288551|0.51|11.63|11.63|0.53|11.63|11.63|0.53|11.63|11.63|0.53|11.63|16.52|1|1|1|1|1|1|1|1|1|1|1|1|0|0|0|0|^ ^|^ ^|0|0
^2026^|^01^|^527120^|^015^|^08^|^CD^|^6212^|^2^|60360000|^1^|^52^|1999999|2580995|2580995|5069045|5069045|5069045|5069045|5069045|5069045|5069045|5069045|12645651|3.31|4.28|4.28|8.4|8.4|8.4|8.4|8.4|8.4|8.4|8.4|20.95|1|1|1|1|1|1|1|1|1|1|1|1|0|0|0|0|^ ^|^ ^|0|0
^2026^|^01^|^527120^|^015^|^08^|^WA^|^4715^|^2^|1042211000|^1^|^52^|11696360|128485539|116618873|81387250|96387250|103387250|76826333|76387244|81520990|82017540|85881417|101614954|1.12|12.33|11.19|7.81|9.25|9.92|7.37|7.33|7.82|7.87|8.24|9.75|1|1|1|1|1|1|1|1|1|1|1|1|0|0|0|0|^ ^|^ ^|0|0
^2026^|^01^|^527120^|^015^|^08^|^WA^|^4719^|^2^|301995000|^1^|^51^|0|20225000|22942997|21235000|28200000|28200000|22943425|22354995|22450521|22450521|23089677|67902864|0|6.7|7.6|7.03|9.34|9.34|7.6|7.4|7.43|7.43|7.65|22.48|0|1|1|1|1|1|1|1|1|1|1|1|0|0|0|0|^ ^|^ ^|0|0
^2026^|^01^|^527120^|^015^|^08^|^CD^|^6214^|^2^|980000|^1^|^52^|22219|81667|81667|81667|81667|81667|81667|81667|81667|81667|81667|141111|2.27|8.33|8.33|8.33|8.33|8.33|8.33|8.33|8.33|8.33|8.33|14.4|1|1|1|1|1|1|1|1|1|1|1|1|0|0|0|0|^ ^|^ ^|0|0
^2026^|^01^|^527120^|^015^|^08^|^CD^|^6215^|^2^|490000|^1^|^52^|40833|40833|40833|40833|40833|40833|40833|40833|40833|40833|40833|40837|8.33|8.33|8.33|8.33|8.33|8.33|8.33|8.33|8.33|8.33|8.33|8.33|1|1|1|1|1|1|1|1|1|1|1|1|0|0|0|0|^ ^|^ ^|0|0
^2026^|^01^|^527141^|^015^|^08^|^WA^|^4715^|^2^|1125088000|^1^|^52^|22815786|60276643|105115967|89475697|66908667|75908559|90165356|89847000|89847000|97238893|99847007|237641425|2.03|5.36|9.34|7.95|5.95|6.75|8.01|7.99|7.99|8.64|8.87|21.12|1|1|1|1|1|1|1|1|1|1|1|1|0|0|0|0|^ ^|^ ^|0|0
^2026^|^01^|^527141^|^015^|^08^|^WA^|^4719^|^2^|258863000|^1^|^51^|0|20652999|18416999|17182999|26211000|21144000|21570998|21570998|21570998|21570998|21570998|47400013|0|7.98|7.11|6.64|10.13|8.17|8.33|8.33|8.33|8.33|8.33|18.31|0|1|1|1|1|1|1|1|1|1|1|1|0|0|0|0|^ ^|^ ^|0|0
^2026^|^01^|^527141^|^015^|^08^|^CD^|^6214^|^2^|660000|^1^|^52^|54000|54000|54000|54000|54000|54000|54000|54000|54000|54000|54000|66000|8.18|8.18|8.18|8.18|8.18|8.18|8.18|8.18|8.18|8.18|8.18|10|1|1|1|1|1|1|1|1|1|1|1|1|0|0|0|0|^ ^|^ ^|0|0
^2026^|^01^|^527141^|^015^|^08^|^WA^|^4718^|^2^|7007000|^1^|^52^|582000|582000|582000|582000|582000|582000|582000|582000|582000|582000|582000|605000|8.31|8.31|8.31|8.31|8.31|8.31|8.31|8.31|8.31|8.31|8.31|8.63|1|1|1|1|1|1|1|1|1|1|1|1|0|0|0|0|^ ^|^ ^|0|0
^2026^|^01^|^527141^|^015^|^08^|^CD^|^6212^|^2^|49700000|^1^|^52^|1412937|16861937|3197119|3197119|3197119|3197119|3197119|3197119|3197119|3197119|3197119|2651055|2.84|33.93|6.43|6.43|6.43|6.43|6.43|6.43|6.43|6.43|6.43|5.33|1|1|1|1|1|1|1|1|1|1|1|1|0|0|0|0|^ ^|^ ^|0|0
^2026^|^01^|^527141^|^015^|^08^|^CD^|^6213^|^2^|1378000|^1^|^52^|113000|113000|113000|113000|113000|113000|113000|113000|113000|113000|113000|135000|8.2|8.2|8.2|8.2|8.2|8.2|8.2|8.2|8.2|8.2|8.2|9.8|1|1|1|1|1|1|1|1|1|1|1|1|0|0|0|0|^ ^|^ ^|0|0
^2026^|^01^|^527141^|^015^|^08^|^WA^|^4719^|^2^|8133000|^1^|^52^|726210|726210|726210|726210|726210|726210|726210|726210|726210|726210|540900|330000|8.93|8.93|8.93|8.93|8.93|8.93|8.93|8.93|8.93|8.93|6.65|4.06|1|1|1|1|1|1|1|1|1|1|1|1|0|0|0|0|^ ^|^ ^|0|0
^2026^|^01^|^527141^|^015^|^08^|^CD^|^6215^|^2^|1040000|^1^|^52^|352500|0|0|352500|0|0|0|0|0|0|0|335000|33.89|0|0|33.89|0|0|0|0|0|0|0|32.21|1|0|0|1|0|0|0|0|0|0|0|1|0|0|0|0|^ ^|^ ^|0|0
^2026^|^01^|^527141^|^015^|^08^|^WA^|^4715^|^2^|9500000|^1^|^53^|0|0|0|9489280|0|0|0|0|0|0|0|10720|0|0|0|99.89|0|0|0|0|0|0|0|0.11|0|0|0|1|0|0|0|0|0|0|0|1|0|0|0|0|^ ^|^ ^|0|0
^2026^|^01^|^527141^|^015^|^08^|^WA^|^4715^|^2^|15364000|^6^|^425131^|0|0|15364000|0|0|0|0|0|0|0|0|0|0|0|100|0|0|0|0|0|0|0|0|0|0|0|1|0|0|0|0|0|0|0|0|0|0|0|0|0|^ ^|^ ^|0|0
^2026^|^01^|^527094^|^015^|^08^|^WA^|^4718^|^2^|58411000|^1^|^52^|0|5515995|5515995|5515995|5515995|5515995|5515995|5515995|5515995|5515995|2528039|6239006|0|9.44|9.44|9.44|9.44|9.44|9.44|9.44|9.44|9.44|4.33|10.68|0|1|1|1|1|1|1|1|1|1|1|1|0|0|0|0|^ ^|^ ^|0|0
^2026^|^01^|^527094^|^015^|^08^|^CD^|^6215^|^2^|10729000|^1^|^52^|0|1052060|1052060|1052060|1052060|1052060|1052060|1052060|1052060|1146179|231892|934449|0|9.81|9.81|9.81|9.81|9.81|9.81|9.81|9.81|10.68|2.16|8.71|0|1|1|1|1|1|1|1|1|1|1|1|0|0|0|0|^ ^|^ ^|0|0
^2026^|^01^|^527094^|^015^|^08^|^CD^|^6216^|^2^|527000|^1^|^52^|0|0|0|0|0|0|0|0|0|249780|231709|45511|0|0|0|0|0|0|0|0|0|47.4|43.97|8.64|0|0|0|0|0|0|0|0|0|1|1|1|0|0|0|0|^ ^|^ ^|0|0
^2026^|^01^|^527094^|^015^|^08^|^WA^|^4719^|^2^|27765000|^1^|^52^|0|3149282|3149282|3149282|3149282|3112767|2925779|2622305|1653997|1653997|1653997|1545030|0|11.34|11.34|11.34|11.34|11.21|10.54|9.44|5.96|5.96|5.96|5.56|0|1|1|1|1|1|1|1|1|1|1|1|0|0|0|0|^ ^|^ ^|0|0
^2026^|^01^|^527094^|^015^|^08^|^WA^|^4722^|^2^|5856000|^1^|^52^|0|990846|990846|990846|990846|990846|0|0|0|555229|346541|0|0|16.92|16.92|16.92|16.92|16.92|0|0|0|9.48|5.92|0|0|1|1|1|1|1|0|0|0|1|1|0|0|0|0|0|^ ^|^ ^|0|0
^2026^|^01^|^527094^|^015^|^08^|^WA^|^4715^|^2^|2670836000|^1^|^52^|0|143733852|284111889|249071312|185572118|466142827|201962893|201962893|202348893|177896531|264014331|294018461|0|5.38|10.64|9.33|6.95|17.45|7.56|7.56|7.58|6.66|9.89|11.01|0|1|1|1|1|1|1|1|1|1|1|1|0|0|0|0|^ ^|^ ^|0|0
^2026^|^01^|^527094^|^015^|^08^|^WA^|^4719^|^2^|751475000|^1^|^51^|0|65641000|58000000|49520000|71781000|55900000|63497996|63497996|63497996|63497996|76790984|119850032|0|8.73|7.72|6.59|9.55|7.44|8.45|8.45|8.45|8.45|10.22|15.95|0|1|1|1|1|1|1|1|1|1|1|1|0|0|0|0|^ ^|^ ^|0|0
^2026^|^01^|^527094^|^015^|^08^|^CD^|^6213^|^2^|115814000|^1^|^52^|322383|11215667|11215667|11215667|11215667|11158319|10860539|8282154|5895119|5844422|11302724|17285672|0.28|9.68|9.68|9.68|9.68|9.63|9.38|7.15|5.09|5.05|9.76|14.93|1|1|1|1|1|1|1|1|1|1|1|1|0|0|0|0|^ ^|^ ^|0|0
^2026^|^01^|^527094^|^015^|^08^|^CD^|^6212^|^2^|71478000|^1^|^52^|0|10438658|10403761|8668013|8184532|5284186|5229993|5234161|5221002|3978564|1323765|7511365|0|14.6|14.56|12.13|11.45|7.39|7.32|7.32|7.3|5.57|1.85|10.51|0|1|1|1|1|1|1|1|1|1|1|1|0|0|0|0|^ ^|^ ^|0|0
^2026^|^01^|^527137^|^015^|^08^|^CD^|^6215^|^2^|1000000|^1^|^52^|82455|82455|82455|82455|82455|82455|82455|82455|82455|82455|82455|92995|8.25|8.25|8.25|8.25|8.25|8.25|8.25|8.25|8.25|8.25|8.25|9.3|1|1|1|1|1|1|1|1|1|1|1|1|0|0|0|0|^ ^|^ ^|0|0
^2026^|^01^|^527137^|^015^|^08^|^WA^|^4715^|^2^|1351625000|^1^|^52^|16634246|89831566|110646546|116083546|118463548|169263221|106312655|106312655|106312655|106312655|106312655|199139052|1.23|6.65|8.19|8.59|8.76|12.52|7.87|7.87|7.87|7.87|7.87|14.73|1|1|1|1|1|1|1|1|1|1|1|1|0|0|0|0|^ ^|^ ^|0|0
^2026^|^01^|^527137^|^015^|^08^|^CD^|^6213^|^2^|4316000|^1^|^52^|310878|310878|310878|310878|310878|310878|310878|310878|310878|310878|310878|896342|7.2|7.2|7.2|7.2|7.2|7.2|7.2|7.2|7.2|7.2|7.2|20.77|1|1|1|1|1|1|1|1|1|1|1|1|0|0|0|0|^ ^|^ ^|0|0
^2026^|^01^|^527137^|^015^|^08^|^CD^|^6214^|^2^|2000000|^1^|^52^|166000|166000|166000|166000|166000|166000|166000|166000|166000|166000|166000|174000|8.3|8.3|8.3|8.3|8.3|8.3|8.3|8.3|8.3|8.3|8.3|8.7|1|1|1|1|1|1|1|1|1|1|1|1|0|0|0|0|^ ^|^ ^|0|0
^2026^|^01^|^527137^|^015^|^08^|^WA^|^4718^|^2^|7656000|^1^|^52^|638000|638000|638000|638000|638000|638000|638000|638000|638000|638000|638000|638000|8.33|8.33|8.33|8.33|8.33|8.33|8.33|8.33|8.33|8.33|8.33|8.33|1|1|1|1|1|1|1|1|1|1|1|1|0|0|0|0|^ ^|^ ^|0|0
^2026^|^01^|^527137^|^015^|^08^|^WA^|^4715^|^2^|4500000000|^1^|^53^|0|394666000|503261000|529986241|651347677|1323080000|1097659082|0|0|0|0|0|0|8.77|11.18|11.78|14.47|29.4|24.39|0|0|0|0|0|0|1|1|1|1|1|1|0|0|0|0|0|0|0|0|0|^ ^|^ ^|0|0
^2026^|^01^|^527137^|^015^|^08^|^WA^|^4719^|^2^|9782000|^1^|^52^|838199|838199|838199|838199|838199|838199|838199|838199|838199|838199|769872|630138|8.57|8.57|8.57|8.57|8.57|8.57|8.57|8.57|8.57|8.57|7.87|6.44|1|1|1|1|1|1|1|1|1|1|1|1|0|0|0|0|^ ^|^ ^|0|0
^2026^|^01^|^527137^|^015^|^08^|^CD^|^6212^|^2^|65496000|^1^|^52^|1862000|1862000|1862000|4501069|4501069|10501069|4501069|4501069|4501069|4501069|13823069|8579448|2.84|2.84|2.84|6.87|6.87|16.03|6.87|6.87|6.87|6.87|21.11|13.1|1|1|1|1|1|1|1|1|1|1|1|1|0|0|0|0|^ ^|^ ^|0|0
^2026^|^01^|^527137^|^015^|^08^|^WA^|^4719^|^2^|310984000|^1^|^51^|0|20244000|22936000|19703000|25000000|20000000|25912000|25912000|25912000|25912000|25912000|73541000|0|6.51|7.38|6.34|8.04|6.43|8.33|8.33|8.33|8.33|8.33|23.65|0|1|1|1|1|1|1|1|1|1|1|1|0|0|0|0|^ ^|^ ^|0|0
^2026^|^01^|^527162^|^015^|^08^|^WA^|^4718^|^2^|6860000|^1^|^52^|0|571000|571000|571000|571000|571000|571000|571000|571000|571000|571000|1150000|0|8.32|8.32|8.32|8.32|8.32|8.32|8.32|8.32|8.32|8.32|16.76|0|1|1|1|1|1|1|1|1|1|1|1|0|0|0|0|^ ^|^ ^|0|0
^2026^|^01^|^527162^|^015^|^08^|^WA^|^4719^|^2^|6482000|^1^|^52^|0|541109|541109|541109|541109|541109|541109|541109|541109|541109|541109|1070910|0|8.35|8.35|8.35|8.35|8.35|8.35|8.35|8.35|8.35|8.35|16.52|0|1|1|1|1|1|1|1|1|1|1|1|0|0|0|0|^ ^|^ ^|0|0
^2026^|^01^|^527162^|^015^|^08^|^CD^|^6212^|^2^|58868000|^1^|^52^|0|4905308|4905308|4905308|4905308|4905308|4905308|4905308|4905308|4905308|4905308|9814920|0|8.33|8.33|8.33|8.33|8.33|8.33|8.33|8.33|8.33|8.33|16.67|0|1|1|1|1|1|1|1|1|1|1|1|0|0|0|0|^ ^|^ ^|0|0
^2026^|^01^|^527162^|^015^|^08^|^WA^|^4715^|^2^|988242000|^1^|^52^|0|58389060|84516220|113960120|85176286|87931287|77240677|77240677|77240677|25543212|102089207|198914577|0|5.91|8.55|11.53|8.62|8.9|7.82|7.82|7.82|2.58|10.33|20.13|0|1|1|1|1|1|1|1|1|1|1|1|0|0|0|0|^ ^|^ ^|0|0
^2026^|^01^|^527162^|^015^|^08^|^CD^|^6213^|^2^|3612000|^1^|^52^|0|300667|300667|300667|300667|300667|300667|300667|300667|300667|300667|605330|0|8.32|8.32|8.32|8.32|8.32|8.32|8.32|8.32|8.32|8.32|16.76|0|1|1|1|1|1|1|1|1|1|1|1|0|0|0|0|^ ^|^ ^|0|0
^2026^|^01^|^527162^|^015^|^08^|^CD^|^6214^|^2^|720000|^1^|^52^|0|60000|60000|60000|60000|60000|60000|60000|60000|60000|60000|120000|0|8.33|8.33|8.33|8.33|8.33|8.33|8.33|8.33|8.33|8.33|16.67|0|1|1|1|1|1|1|1|1|1|1|1|0|0|0|0|^ ^|^ ^|0|0
^2026^|^01^|^527162^|^015^|^08^|^WA^|^4715^|^2^|25075000|^1^|^53^|0|0|0|0|25075000|0|0|0|0|0|0|0|0|0|0|0|100|0|0|0|0|0|0|0|0|0|0|0|1|0|0|0|0|0|0|0|0|0|0|0|^ ^|^ ^|0|0
^2026^|^01^|^527162^|^015^|^08^|^CD^|^6215^|^2^|360000|^1^|^52^|0|29470|29470|29470|29470|29470|29470|29470|29470|29470|29470|65300|0|8.19|8.19|8.19|8.19|8.19|8.19|8.19|8.19|8.19|8.19|18.14|0|1|1|1|1|1|1|1|1|1|1|1|0|0|0|0|^ ^|^ ^|0|0
^2026^|^01^|^527162^|^015^|^08^|^WA^|^4719^|^2^|348503000|^1^|^51^|0|20987999|20735000|19045999|25022000|20612000|29040999|29040999|29040999|29040999|29040999|96895007|0|6.02|5.95|5.47|7.18|5.91|8.33|8.33|8.33|8.33|8.33|27.8|0|1|1|1|1|1|1|1|1|1|1|1|0|0|0|0|^ ^|^ ^|0|0
^2026^|^01^|^527158^|^015^|^08^|^WA^|^4718^|^2^|6709000|^1^|^52^|0|558000|558000|558000|558000|558000|558000|558000|558000|558000|558000|1129000|0|8.32|8.32|8.32|8.32|8.32|8.32|8.32|8.32|8.32|8.32|16.83|0|1|1|1|1|1|1|1|1|1|1|1|0|0|0|0|^ ^|^ ^|0|0
^2026^|^01^|^527158^|^015^|^08^|^WA^|^4719^|^2^|6129000|^1^|^52^|0|582000|582000|582000|582000|582000|582000|582000|582000|582000|582000|309000|0|9.5|9.5|9.5|9.5|9.5|9.5|9.5|9.5|9.5|9.5|5.04|0|1|1|1|1|1|1|1|1|1|1|1|0|0|0|0|^ ^|^ ^|0|0
^2026^|^01^|^527158^|^015^|^08^|^CD^|^6212^|^2^|35416000|^1^|^52^|0|2990774|2990774|2990774|2990774|2990774|2990774|2990774|2990774|2990774|2990774|5508260|0|8.44|8.44|8.44|8.44|8.44|8.44|8.44|8.44|8.44|8.44|15.55|0|1|1|1|1|1|1|1|1|1|1|1|0|0|0|0|^ ^|^ ^|0|0
^2026^|^01^|^527158^|^015^|^08^|^WA^|^4719^|^2^|167213000|^1^|^51^|0|20982997|16141000|16421000|16000000|13000000|13000000|11000000|11000000|11000000|11000000|27668003|0|12.55|9.65|9.82|9.57|7.77|7.77|6.58|6.58|6.58|6.58|16.55|0|1|1|1|1|1|1|1|1|1|1|1|0|0|0|0|^ ^|^ ^|0|0
^2026^|^01^|^527158^|^015^|^08^|^CD^|^6213^|^2^|2707000|^1^|^52^|0|333995|333995|333995|333995|333995|280025|121000|121000|121000|121000|273000|0|12.34|12.34|12.34|12.34|12.34|10.34|4.47|4.47|4.47|4.47|10.08|0|1|1|1|1|1|1|1|1|1|1|1|0|0|0|0|^ ^|^ ^|0|0
^2026^|^01^|^527158^|^015^|^08^|^WA^|^4715^|^2^|882086000|^1^|^52^|0|77948574|89407569|77914575|102245576|100914573|67968422|68127547|68127547|68127400|66657121|94647096|0|8.84|10.14|8.83|11.59|11.44|7.71|7.72|7.72|7.72|7.56|10.73|0|1|1|1|1|1|1|1|1|1|1|1|0|0|0|0|^ ^|^ ^|0|0
^2026^|^01^|^527158^|^015^|^08^|^CD^|^6214^|^2^|710000|^1^|^52^|0|58000|58000|58000|58000|58000|58000|58000|58000|58000|58000|130000|0|8.17|8.17|8.17|8.17|8.17|8.17|8.17|8.17|8.17|8.17|18.31|0|1|1|1|1|1|1|1|1|1|1|1|0|0|0|0|^ ^|^ ^|0|0
^2026^|^01^|^527158^|^015^|^08^|^CD^|^6215^|^2^|575000|^1^|^52^|0|57136|57136|57136|57136|57136|57136|57136|57136|57136|57136|3640|0|9.94|9.94|9.94|9.94|9.94|9.94|9.94|9.94|9.94|9.94|0.63|0|1|1|1|1|1|1|1|1|1|1|1|0|0|0|0|^ ^|^ ^|0|0
^2026^|^01^|^527230^|^015^|^08^|^CD^|^6213^|^2^|2473000|^1^|^52^|515000|699999|0|181500|0|0|0|0|0|0|0|1076501|20.82|28.31|0|7.34|0|0|0|0|0|0|0|43.53|1|1|0|1|0|0|0|0|0|0|0|1|0|0|0|0|^ ^|^ ^|0|0
^2026^|^01^|^527230^|^015^|^08^|^WA^|^4718^|^2^|6634000|^1^|^52^|1000000|0|0|0|0|2000000|0|0|0|0|0|3634000|15.07|0|0|0|0|30.15|0|0|0|0|0|54.78|1|0|0|0|0|1|0|0|0|0|0|1|0|0|0|0|^ ^|^ ^|0|0
^2026^|^01^|^527230^|^015^|^08^|^WA^|^4719^|^2^|235422000|^1^|^51^|777000|17869000|19040000|16670000|16707000|13744000|0|0|0|0|0|150615000|0.33|7.59|8.09|7.08|7.1|5.84|0|0|0|0|0|63.98|1|1|1|1|1|1|0|0|0|0|0|1|0|0|0|0|^ ^|^ ^|0|0
^2026^|^01^|^527230^|^015^|^08^|^WA^|^4719^|^2^|6115000|^1^|^52^|0|0|0|0|3472000|425000|0|0|0|0|0|2218000|0|0|0|0|56.78|6.95|0|0|0|0|0|36.27|0|0|0|0|1|1|0|0|0|0|0|1|0|0|0|0|^ ^|^ ^|0|0
^2026^|^01^|^527230^|^015^|^08^|^CD^|^6212^|^2^|50372000|^1^|^52^|5600000|8300000|0|3830124|3000000|0|0|0|0|0|0|29641876|11.12|16.48|0|7.6|5.96|0|0|0|0|0|0|58.85|1|1|0|1|1|0|0|0|0|0|0|1|0|0|0|0|^ ^|^ ^|0|0
^2026^|^01^|^527230^|^015^|^08^|^WA^|^4715^|^2^|841894000|^1^|^52^|14829961|47915850|85505850|78349838|94298850|99898850|8630000|8630000|8630000|8630000|8630000|377944801|1.76|5.69|10.16|9.31|11.2|11.87|1.03|1.03|1.03|1.03|1.03|44.89|1|1|1|1|1|1|1|1|1|1|1|1|0|0|0|0|^ ^|^ ^|0|0
^2026^|^01^|^527230^|^015^|^08^|^CD^|^6215^|^2^|647000|^1^|^52^|0|0|0|220031|0|425000|0|0|0|0|0|1969|0|0|0|34.01|0|65.69|0|0|0|0|0|0.3|0|0|0|1|0|1|0|0|0|0|0|1|0|0|0|0|^ ^|^ ^|0|0
^2026^|^01^|^527230^|^015^|^08^|^CD^|^6214^|^2^|850000|^1^|^52^|0|0|0|0|0|850000|0|0|0|0|0|0|0|0|0|0|0|100|0|0|0|0|0|0|0|0|0|0|0|1|0|0|0|0|0|0|0|0|0|0|^ ^|^ ^|0|0
^2026^|^01^|^527205^|^015^|^08^|^CD^|^6214^|^2^|930000|^1^|^52^|0|0|0|0|0|0|0|0|0|0|0|930000|0|0|0|0|0|0|0|0|0|0|0|100|0|0|0|0|0|0|0|0|0|0|0|1|0|0|0|0|^ ^|^ ^|0|0
^2026^|^01^|^527205^|^015^|^08^|^WA^|^4718^|^2^|4587000|^1^|^52^|0|0|0|0|0|0|0|0|0|0|0|4587000|0|0|0|0|0|0|0|0|0|0|0|100|0|0|0|0|0|0|0|0|0|0|0|1|0|0|0|0|^ ^|^ ^|0|0
^2026^|^01^|^527205^|^015^|^08^|^WA^|^4719^|^2^|4102000|^1^|^52^|0|0|0|0|0|0|0|0|0|0|0|4102000|0|0|0|0|0|0|0|0|0|0|0|100|0|0|0|0|0|0|0|0|0|0|0|1|0|0|0|0|^ ^|^ ^|0|0
^2026^|^01^|^527205^|^015^|^08^|^CD^|^6212^|^2^|48066000|^1^|^52^|0|0|0|0|0|0|0|0|0|0|0|48066000|0|0|0|0|0|0|0|0|0|0|0|100|0|0|0|0|0|0|0|0|0|0|0|1|0|0|0|0|^ ^|^ ^|0|0
^2026^|^01^|^527205^|^015^|^08^|^CD^|^6215^|^2^|731000|^1^|^52^|0|0|0|0|0|0|0|0|0|0|0|731000|0|0|0|0|0|0|0|0|0|0|0|100|0|0|0|0|0|0|0|0|0|0|0|1|0|0|0|0|^ ^|^ ^|0|0
^2026^|^01^|^527205^|^015^|^08^|^CD^|^6213^|^2^|1941000|^1^|^52^|0|0|0|0|0|0|0|0|0|0|0|1941000|0|0|0|0|0|0|0|0|0|0|0|100|0|0|0|0|0|0|0|0|0|0|0|1|0|0|0|0|^ ^|^ ^|0|0
^2026^|^01^|^527205^|^015^|^08^|^WA^|^4715^|^2^|828781000|^1^|^52^|11833902|69710597|87750392|73957107|127903000|91203000|71130000|71130000|71130000|71130000|68605002|13298000|1.43|8.41|10.59|8.92|15.43|11|8.58|8.58|8.58|8.58|8.28|1.6|1|1|1|1|1|1|1|1|1|1|1|1|0|0|0|0|^ ^|^ ^|0|0
^2026^|^01^|^527205^|^015^|^08^|^WA^|^4719^|^2^|129913000|^1^|^51^|0|18423000|13896000|15488999|15548000|8998000|9593000|9593000|9593000|9593000|9593000|9594001|0|14.18|10.7|11.92|11.97|6.93|7.38|7.38|7.38|7.38|7.38|7.38|0|1|1|1|1|1|1|1|1|1|1|1|0|0|0|0|^ ^|^ ^|0|0
^2026^|^01^|^527183^|^015^|^08^|^CD^|^6215^|^2^|490000|^1^|^52^|0|0|0|0|0|0|0|0|0|0|0|490000|0|0|0|0|0|0|0|0|0|0|0|100|0|0|0|0|0|0|0|0|0|0|0|1|0|0|0|0|^ ^|^ ^|0|0
^2026^|^01^|^527183^|^015^|^08^|^WA^|^4715^|^2^|1003152000|^1^|^52^|34605452|89051309|122588880|101629996|101930000|101930000|75271996|75271996|75271996|66199997|66199997|93200381|3.45|8.88|12.22|10.13|10.16|10.16|7.5|7.5|7.5|6.6|6.6|9.29|1|1|1|1|1|1|1|1|1|1|1|1|0|0|0|0|^ ^|^ ^|0|0
^2026^|^01^|^527183^|^015^|^08^|^WA^|^4719^|^2^|165290000|^1^|^51^|0|23273000|10083000|9374000|14151000|10380000|13774000|13774000|13774500|15630000|15630000|25446500|0|14.08|6.1|5.67|8.56|6.28|8.33|8.33|8.33|9.46|9.46|15.4|0|1|1|1|1|1|1|1|1|1|1|1|0|0|0|0|^ ^|^ ^|0|0
^2026^|^01^|^527183^|^015^|^08^|^WA^|^4718^|^2^|5939000|^1^|^52^|0|0|0|0|0|0|0|0|0|0|0|5939000|0|0|0|0|0|0|0|0|0|0|0|100|0|0|0|0|0|0|0|0|0|0|0|1|0|0|0|0|^ ^|^ ^|0|0
^2026^|^01^|^527183^|^015^|^08^|^WA^|^4715^|^2^|300000000|^1^|^53^|0|0|0|1935000|84162250|205792750|8110000|0|0|0|0|0|0|0|0|0.65|28.05|68.6|2.7|0|0|0|0|0|0|0|0|1|1|1|1|0|0|0|0|0|0|0|0|0|^ ^|^ ^|0|0
^2026^|^01^|^527183^|^015^|^08^|^WA^|^4719^|^2^|8838000|^1^|^52^|0|0|0|0|0|0|0|0|0|0|0|8838000|0|0|0|0|0|0|0|0|0|0|0|100|0|0|0|0|0|0|0|0|0|0|0|1|0|0|0|0|^ ^|^ ^|0|0
^2026^|^01^|^527183^|^015^|^08^|^CD^|^6213^|^2^|3082000|^1^|^52^|0|0|0|0|0|0|0|0|0|0|0|3082000|0|0|0|0|0|0|0|0|0|0|0|100|0|0|0|0|0|0|0|0|0|0|0|1|0|0|0|0|^ ^|^ ^|0|0
^2026^|^01^|^527183^|^015^|^08^|^CD^|^6214^|^2^|980000|^1^|^52^|0|0|0|0|0|0|0|0|0|0|0|980000|0|0|0|0|0|0|0|0|0|0|0|100|0|0|0|0|0|0|0|0|0|0|0|1|0|0|0|0|^ ^|^ ^|0|0
^2026^|^01^|^527183^|^015^|^08^|^CD^|^6212^|^2^|49576000|^1^|^52^|0|0|0|0|0|0|0|0|0|0|0|49576000|0|0|0|0|0|0|0|0|0|0|0|100|0|0|0|0|0|0|0|0|0|0|0|1|0|0|0|0|^ ^|^ ^|0|0
^2026^|^01^|^527272^|^015^|^08^|^CD^|^6214^|^2^|730000|^1^|^52^|0|60000|60000|60000|60000|60000|60000|60000|60000|60000|60000|130000|0|8.22|8.22|8.22|8.22|8.22|8.22|8.22|8.22|8.22|8.22|17.81|0|1|1|1|1|1|1|1|1|1|1|1|0|0|0|0|^ ^|^ ^|0|0
^2026^|^01^|^527272^|^015^|^08^|^WA^|^4719^|^2^|385590000|^1^|^51^|0|36403999|28177000|26353000|28000000|39000000|32129000|32129000|32129000|32129000|32129000|67011001|0|9.44|7.31|6.83|7.26|10.11|8.33|8.33|8.33|8.33|8.33|17.38|0|1|1|1|1|1|1|1|1|1|1|1|0|0|0|0|^ ^|^ ^|0|0
^2026^|^01^|^527272^|^015^|^08^|^WA^|^4715^|^2^|1787775000|^1^|^52^|0|145220631|118975631|177396359|172566708|305656531|124189529|124189529|124189529|124189529|124189529|247011495|0|8.12|6.65|9.92|9.65|17.1|6.95|6.95|6.95|6.95|6.95|13.82|0|1|1|1|1|1|1|1|1|1|1|1|0|0|0|0|^ ^|^ ^|0|0
^2026^|^01^|^527272^|^015^|^08^|^WA^|^4715^|^2^|22125000|^1^|^53^|0|0|0|22125000|0|0|0|0|0|0|0|0|0|0|0|100|0|0|0|0|0|0|0|0|0|0|0|1|0|0|0|0|0|0|0|0|0|0|0|0|^ ^|^ ^|0|0
^2026^|^01^|^527272^|^015^|^08^|^CD^|^6212^|^2^|49283000|^1^|^52^|0|3912844|5842844|4175844|3912844|3912844|3912844|3912844|3912844|3912844|3912844|7961560|0|7.94|11.86|8.47|7.94|7.94|7.94|7.94|7.94|7.94|7.94|16.15|0|1|1|1|1|1|1|1|1|1|1|1|0|0|0|0|^ ^|^ ^|0|0
^2026^|^01^|^527272^|^015^|^08^|^WA^|^4718^|^2^|5910000|^1^|^52^|0|491000|491000|491000|491000|491000|491000|491000|491000|491000|491000|1000000|0|8.31|8.31|8.31|8.31|8.31|8.31|8.31|8.31|8.31|8.31|16.92|0|1|1|1|1|1|1|1|1|1|1|1|0|0|0|0|^ ^|^ ^|0|0
^2026^|^01^|^527272^|^015^|^08^|^CD^|^6215^|^2^|365000|^1^|^52^|0|0|365000|0|0|0|0|0|0|0|0|0|0|0|100|0|0|0|0|0|0|0|0|0|0|0|1|0|0|0|0|0|0|0|0|0|0|0|0|0|^ ^|^ ^|0|0
^2026^|^01^|^527272^|^015^|^08^|^WA^|^4719^|^2^|10219000|^1^|^52^|0|403679|403679|403679|403679|403679|403679|403679|403679|403679|403679|6182210|0|3.95|3.95|3.95|3.95|3.95|3.95|3.95|3.95|3.95|3.95|60.5|0|1|1|1|1|1|1|1|1|1|1|1|0|0|0|0|^ ^|^ ^|0|0
^2026^|^01^|^527272^|^015^|^08^|^CD^|^6213^|^2^|3293000|^1^|^52^|0|126000|1895000|126000|126000|126000|126000|126000|126000|126000|126000|264000|0|3.83|57.55|3.83|3.83|3.83|3.83|3.83|3.83|3.83|3.83|8.02|0|1|1|1|1|1|1|1|1|1|1|1|0|0|0|0|^ ^|^ ^|0|0
^2026^|^01^|^527268^|^015^|^08^|^WA^|^4715^|^2^|1555424000|^1^|^53^|0|0|0|50006391|438136618|683670654|0|0|0|0|0|383610337|0|0|0|3.21|28.17|43.95|0|0|0|0|0|24.66|0|0|0|1|1|1|0|0|0|0|0|1|0|0|0|0|^ ^|^ ^|0|0
^2026^|^01^|^527268^|^015^|^08^|^WA^|^4722^|^2^|5762000|^1^|^52^|0|0|0|3000000|0|0|478425|478425|478425|478425|478425|369875|0|0|0|52.07|0|0|8.3|8.3|8.3|8.3|8.3|6.42|0|0|0|1|0|0|1|1|1|1|1|1|0|0|0|0|^ ^|^ ^|0|0
^2026^|^01^|^527268^|^015^|^08^|^CD^|^6213^|^2^|112197000|^1^|^52^|0|1002947|0|15322000|0|0|9036826|9036826|9036826|9036826|9036826|50687923|0|0.89|0|13.66|0|0|8.05|8.05|8.05|8.05|8.05|45.18|0|1|0|1|0|0|1|1|1|1|1|1|0|0|0|0|^ ^|^ ^|0|0
^2026^|^01^|^527268^|^015^|^08^|^WA^|^4719^|^2^|42516000|^1^|^52^|0|0|389281|17870000|0|0|2046717|2046717|2046717|2046717|2046717|14023134|0|0|0.92|42.03|0|0|4.81|4.81|4.81|4.81|4.81|32.98|0|0|1|1|0|0|1|1|1|1|1|1|0|0|0|0|^ ^|^ ^|0|0
^2026^|^01^|^527268^|^015^|^08^|^WA^|^4719^|^2^|792685000|^1^|^51^|0|67104000|58999999|58749000|75882000|62787000|66052999|66052999|66052999|66052999|66052999|138898006|0|8.47|7.44|7.41|9.57|7.92|8.33|8.33|8.33|8.33|8.33|17.52|0|1|1|1|1|1|1|1|1|1|1|1|0|0|0|0|^ ^|^ ^|0|0
^2026^|^01^|^527268^|^015^|^08^|^WA^|^4715^|^2^|1205554000|^1^|^52^|0|137636398|140332998|135800390|88916999|172079999|79943850|80563850|80563850|80563850|80563850|128587966|0|11.42|11.64|11.26|7.38|14.27|6.63|6.68|6.68|6.68|6.68|10.67|0|1|1|1|1|1|1|1|1|1|1|1|0|0|0|0|^ ^|^ ^|0|0
^2026^|^01^|^527268^|^015^|^08^|^WA^|^4718^|^2^|35182000|^1^|^52^|0|0|0|0|0|0|2931000|2931000|2931000|2931000|2931000|20527000|0|0|0|0|0|0|8.33|8.33|8.33|8.33|8.33|58.35|0|0|0|0|0|0|1|1|1|1|1|1|0|0|0|0|^ ^|^ ^|0|0
^2026^|^01^|^527268^|^015^|^08^|^CD^|^6212^|^2^|75729000|^1^|^52^|0|0|0|7340000|0|0|6155594|6155594|6155594|6155594|6155594|37611030|0|0|0|9.69|0|0|8.13|8.13|8.13|8.13|8.13|49.67|0|0|0|1|0|0|1|1|1|1|1|1|0|0|0|0|^ ^|^ ^|0|0
^2026^|^01^|^527268^|^015^|^08^|^CD^|^6215^|^2^|27914000|^1^|^52^|0|0|0|6880000|0|0|3780999|3780999|3780999|3780999|2123999|3786005|0|0|0|24.65|0|0|13.55|13.55|13.55|13.55|7.61|13.56|0|0|0|1|0|0|1|1|1|1|1|1|0|0|0|0|^ ^|^ ^|0|0
^2026^|^01^|^527293^|^015^|^08^|^CD^|^6214^|^2^|680000|^1^|^52^|0|0|0|100000|100000|0|0|100000|0|280000|0|100000|0|0|0|14.71|14.71|0|0|14.71|0|41.18|0|14.71|0|0|0|1|1|0|0|1|0|1|0|1|0|0|0|0|^ ^|^ ^|0|0
^2026^|^01^|^527293^|^015^|^08^|^WA^|^4715^|^2^|784683000|^1^|^52^|11792899|61276515|72470000|41542518|92744260|109970386|72877515|68763518|73610388|80534836|64637129|34463036|1.5|7.81|9.24|5.29|11.82|14.01|9.29|8.76|9.38|10.26|8.24|4.39|1|1|1|1|1|1|1|1|1|1|1|1|0|0|0|0|^ ^|^ ^|0|0
^2026^|^01^|^527293^|^015^|^08^|^WA^|^4719^|^2^|219860000|^1^|^51^|861000|16949000|16055000|17260000|20000000|17224000|17500000|17500000|17500000|17500000|17500000|44011000|0.39|7.71|7.3|7.85|9.1|7.83|7.96|7.96|7.96|7.96|7.96|20.02|1|1|1|1|1|1|1|1|1|1|1|1|0|0|0|0|^ ^|^ ^|0|0
^2026^|^01^|^527293^|^015^|^08^|^CD^|^6212^|^2^|33250000|^1^|^52^|0|7299999|0|3634999|0|9700000|2185178|8416001|0|2013823|0|0|0|21.95|0|10.93|0|29.17|6.57|25.31|0|6.06|0|0|0|1|0|1|0|1|1|1|0|1|0|0|0|0|0|0|^ ^|^ ^|0|0
^2026^|^01^|^527293^|^015^|^08^|^CD^|^6215^|^2^|340000|^1^|^52^|0|0|0|127341|0|0|127341|0|0|85318|0|0|0|0|0|37.45|0|0|37.45|0|0|25.09|0|0|0|0|0|1|0|0|1|0|0|1|0|0|0|0|0|0|^ ^|^ ^|0|0
^2026^|^01^|^527293^|^015^|^08^|^WA^|^4718^|^2^|6012000|^1^|^52^|0|0|0|1000000|1000000|1000000|0|0|1000000|1012000|0|1000000|0|0|0|16.63|16.63|16.63|0|0|16.63|16.83|0|16.63|0|0|0|1|1|1|0|0|1|1|0|1|0|0|0|0|^ ^|^ ^|0|0
^2026^|^01^|^527293^|^015^|^08^|^CD^|^6213^|^2^|1419000|^1^|^52^|0|0|0|100000|100000|100000|100000|300000|100000|300000|100000|219000|0|0|0|7.05|7.05|7.05|7.05|21.14|7.05|21.14|7.05|15.43|0|0|0|1|1|1|1|1|1|1|1|1|0|0|0|0|^ ^|^ ^|0|0
^2026^|^01^|^527293^|^015^|^08^|^WA^|^4719^|^2^|7415000|^1^|^52^|0|0|340000|0|3000000|0|4075000|0|0|0|0|0|0|0|4.59|0|40.46|0|54.96|0|0|0|0|0|0|0|1|0|1|0|1|0|0|0|0|0|0|0|0|0|^ ^|^ ^|0|0
^2026^|^01^|^527301^|^015^|^08^|^WA^|^4719^|^2^|273684000|^1^|^51^|0|22017000|22506000|18831000|27575000|23546000|22089252|25496724|19122349|21185624|20958849|50356202|0|8.04|8.22|6.88|10.08|8.6|8.07|9.32|6.99|7.74|7.66|18.4|0|1|1|1|1|1|1|1|1|1|1|1|0|0|0|0|^ ^|^ ^|0|0
^2026^|^01^|^527301^|^015^|^08^|^WA^|^4718^|^2^|6624000|^1^|^52^|0|0|0|0|0|0|552000|552000|552000|552000|552000|3864000|0|0|0|0|0|0|8.33|8.33|8.33|8.33|8.33|58.33|0|0|0|0|0|0|1|1|1|1|1|1|0|0|0|0|^ ^|^ ^|0|0
^2026^|^01^|^527301^|^015^|^08^|^CD^|^6214^|^2^|1000000|^1^|^52^|0|0|0|0|0|0|0|0|0|0|0|1000000|0|0|0|0|0|0|0|0|0|0|0|100|0|0|0|0|0|0|0|0|0|0|0|1|0|0|0|0|^ ^|^ ^|0|0
^2026^|^01^|^527301^|^015^|^08^|^WA^|^4715^|^2^|935108000|^1^|^52^|0|58851076|153076232|58220219|54378639|159678639|53199941|48551860|53576018|53926274|53218389|188430713|0|6.29|16.37|6.23|5.82|17.08|5.69|5.19|5.73|5.77|5.69|20.15|0|1|1|1|1|1|1|1|1|1|1|1|0|0|0|0|^ ^|^ ^|0|0
^2026^|^01^|^527301^|^015^|^08^|^WA^|^4719^|^2^|10015000|^1^|^52^|0|0|0|0|5999999|0|41000|41000|41000|41000|41000|3810001|0|0|0|0|59.91|0|0.41|0.41|0.41|0.41|0.41|38.04|0|0|0|0|1|0|1|1|1|1|1|1|0|0|0|0|^ ^|^ ^|0|0
^2026^|^01^|^527301^|^015^|^08^|^CD^|^6212^|^2^|41474000|^1^|^52^|0|660000|3287850|6600000|0|0|4236351|757000|757000|4262450|3146420|17766929|0|1.59|7.93|15.91|0|0|10.21|1.83|1.83|10.28|7.59|42.84|0|1|1|1|0|0|1|1|1|1|1|1|0|0|0|0|^ ^|^ ^|0|0
^2026^|^01^|^527301^|^015^|^08^|^CD^|^6213^|^2^|2926000|^1^|^52^|0|0|1047000|1520000|0|0|0|0|0|0|0|359000|0|0|35.78|51.95|0|0|0|0|0|0|0|12.27|0|0|1|1|0|0|0|0|0|0|0|1|0|0|0|0|^ ^|^ ^|0|0
^2026^|^01^|^527301^|^015^|^08^|^CD^|^6215^|^2^|500000|^1^|^52^|0|0|0|0|0|0|0|0|0|0|0|500000|0|0|0|0|0|0|0|0|0|0|0|100|0|0|0|0|0|0|0|0|0|0|0|1|0|0|0|0|^ ^|^ ^|0|0
^2026^|^01^|^527315^|^015^|^08^|^CD^|^6212^|^2^|35533000|^1^|^52^|0|4204600|963000|0|0|8202999|5500000|2000000|2000000|2000000|1215400|9447001|0|11.83|2.71|0|0|23.09|15.48|5.63|5.63|5.63|3.42|26.59|0|1|1|0|0|1|1|1|1|1|1|1|0|0|0|0|^ ^|^ ^|0|0
^2026^|^01^|^527315^|^015^|^08^|^WA^|^4718^|^2^|3274000|^1^|^52^|0|0|0|0|0|1550000|0|0|0|0|0|1724000|0|0|0|0|0|47.34|0|0|0|0|0|52.66|0|0|0|0|0|1|0|0|0|0|0|1|0|0|0|0|^ ^|^ ^|0|0
^2026^|^01^|^527315^|^015^|^08^|^WA^|^4719^|^2^|7234000|^1^|^52^|0|0|0|0|0|3455000|0|0|0|0|0|3779000|0|0|0|0|0|47.76|0|0|0|0|0|52.24|0|0|0|0|0|1|0|0|0|0|0|1|0|0|0|0|^ ^|^ ^|0|0
^2026^|^01^|^527315^|^015^|^08^|^CD^|^6213^|^2^|2329000|^1^|^52^|0|0|0|972000|0|888000|0|0|0|0|0|469000|0|0|0|41.73|0|38.13|0|0|0|0|0|20.14|0|0|0|1|0|1|0|0|0|0|0|1|0|0|0|0|^ ^|^ ^|0|0
^2026^|^01^|^527315^|^015^|^08^|^WA^|^4719^|^2^|227330000|^1^|^51^|14357000|20095000|14328999|14411000|17999999|17999999|17999999|17999999|17999999|17999999|17999999|38138008|6.32|8.84|6.3|6.34|7.92|7.92|7.92|7.92|7.92|7.92|7.92|16.78|1|1|1|1|1|1|1|1|1|1|1|1|0|0|0|0|^ ^|^ ^|0|0
^2026^|^01^|^527315^|^015^|^08^|^CD^|^6214^|^2^|650000|^1^|^52^|0|0|0|0|0|650000|0|0|0|0|0|0|0|0|0|0|0|100|0|0|0|0|0|0|0|0|0|0|0|1|0|0|0|0|0|0|0|0|0|0|^ ^|^ ^|0|0
^2026^|^01^|^527315^|^015^|^08^|^CD^|^6215^|^2^|325000|^1^|^52^|0|0|0|0|0|0|325000|0|0|0|0|0|0|0|0|0|0|0|100|0|0|0|0|0|0|0|0|0|0|0|1|0|0|0|0|0|0|0|0|0|^ ^|^ ^|0|0
^2026^|^01^|^527315^|^015^|^08^|^WA^|^4715^|^2^|928868000|^1^|^52^|13750327|58618559|83665953|79577000|131999997|117254000|77593000|75459997|75459997|75699000|73919000|65871170|1.48|6.31|9.01|8.57|14.21|12.62|8.35|8.12|8.12|8.15|7.96|7.09|1|1|1|1|1|1|1|1|1|1|1|1|0|0|0|0|^ ^|^ ^|0|0
^2026^|^01^|^527289^|^015^|^08^|^CD^|^6213^|^2^|2933000|^1^|^52^|0|0|0|263500|939500|0|263500|0|0|1203000|0|263500|0|0|0|8.98|32.03|0|8.98|0|0|41.02|0|8.98|0|0|0|1|1|0|1|0|0|1|0|1|0|0|0|0|^ ^|^ ^|0|0
^2026^|^01^|^527289^|^015^|^08^|^WA^|^4719^|^2^|403567000|^1^|^51^|0|37253998|40000000|34746999|36000000|36000000|34000000|33000000|33000000|28000000|28000000|63566003|0|9.23|9.91|8.61|8.92|8.92|8.42|8.18|8.18|6.94|6.94|15.75|0|1|1|1|1|1|1|1|1|1|1|1|0|0|0|0|^ ^|^ ^|0|0
^2026^|^01^|^527289^|^015^|^08^|^WA^|^4719^|^2^|11401000|^1^|^52^|0|0|0|2961500|0|0|3461500|0|0|2961500|0|2016500|0|0|0|25.98|0|0|30.36|0|0|25.98|0|17.69|0|0|0|1|0|0|1|0|0|1|0|1|0|0|0|0|^ ^|^ ^|0|0
^2026^|^01^|^527289^|^015^|^08^|^WA^|^4715^|^2^|1537300000|^1^|^52^|16823966|63372756|106935255|139571046|218905048|218843587|88160507|101844506|101843769|98631508|146844507|235523545|1.09|4.12|6.96|9.08|14.24|14.24|5.73|6.62|6.62|6.42|9.55|15.32|1|1|1|1|1|1|1|1|1|1|1|1|0|0|0|0|^ ^|^ ^|0|0
^2026^|^01^|^527289^|^015^|^08^|^CD^|^6215^|^2^|1000000|^1^|^52^|0|500000|0|0|0|0|0|0|0|0|0|500000|0|50|0|0|0|0|0|0|0|0|0|50|0|1|0|0|0|0|0|0|0|0|0|1|0|0|0|0|^ ^|^ ^|0|0
^2026^|^01^|^527289^|^015^|^08^|^CD^|^6212^|^2^|54656000|^1^|^52^|0|1883920|3155920|5277920|3155920|3155920|6188920|3155920|3155920|5277920|3155920|17091800|0|3.45|5.77|9.66|5.77|5.77|11.32|5.77|5.77|9.66|5.77|31.27|0|1|1|1|1|1|1|1|1|1|1|1|0|0|0|0|^ ^|^ ^|0|0
^2026^|^01^|^527289^|^015^|^08^|^CD^|^6214^|^2^|2000000|^1^|^52^|0|0|0|0|0|1000000|0|0|0|0|0|1000000|0|0|0|0|0|50|0|0|0|0|0|50|0|0|0|0|0|1|0|0|0|0|0|1|0|0|0|0|^ ^|^ ^|0|0
^2026^|^01^|^527289^|^015^|^08^|^WA^|^4715^|^2^|117000000|^1^|^53^|0|0|0|117000000|0|0|0|0|0|0|0|0|0|0|0|100|0|0|0|0|0|0|0|0|0|0|0|1|0|0|0|0|0|0|0|0|0|0|0|0|^ ^|^ ^|0|0
^2026^|^01^|^527289^|^015^|^08^|^WA^|^4718^|^2^|7704000|^1^|^52^|0|0|0|1926000|0|0|1926000|0|0|1926000|0|1926000|0|0|0|25|0|0|25|0|0|25|0|25|0|0|0|1|0|0|1|0|0|1|0|1|0|0|0|0|^ ^|^ ^|0|0
